round,cum_reward_lincb,cum_reward_random,cum_reward_oracle
1,0.024704918645655424,0.49871131977497785,0.3530232884535519
2,0.11523960220765046,0.5913595813768459,0.7814993863634407
3,0.13322364766572417,0.49834395195421805,1.2415183934200849
4,0.2598896333294969,0.5990122970103451,1.6434195232911688
5,0.7636946420043247,0.6442098806084282,1.9767177236273727
6,1.060858579845129,1.1288822386683082,2.3395408555613075
7,-22.733784809195157,-22.914941141139963,-21.454357932812197
8,-22.62479734226734,-22.567256680847297,-21.01359038348822
9,-22.285282085344893,-22.1571142439161,-20.592705496761237
10,-21.851285137422565,-22.011651237145646,-20.167445419824826
11,-21.863913544992222,-22.073611824815316,-20.0898634658033
12,-21.797750354634662,-22.00154816036201,-20.1612280019337
13,-21.777501579196137,-21.95606125161402,-20.13241101211725
14,-21.649902837454768,-21.818668189871506,-19.723530419455756
15,-21.35200259204806,-21.74090266278078,-19.313487289075116
16,-21.168099288392966,-21.619607397153732,-18.865190114883184
17,-20.79372701137591,-21.212619679880884,-18.495964437410723
18,-20.750532620810574,-21.164304839474262,-17.925147269865192
19,-20.7415349199874,-20.792991037927415,-17.567903105091624
20,-20.673320044221505,-20.69781218984988,-17.048581835502908
21,-20.648712992524672,-20.774184821141603,-17.124856520009285
22,-20.574559512357805,-20.80508754367834,-17.135956885211954
23,-20.202025001717487,-20.627526946873964,-16.717660875405652
24,-20.15825126409717,-20.53185550932641,-16.614399521278308
25,-20.207552133172157,-20.592301873763706,-16.25152896468984
26,-20.19508640609106,-20.543117315664247,-16.258453262336374
27,-19.76912909376643,-20.27777185949577,-15.876108903876386
28,-19.599446590081925,-20.246346168099038,-15.358703552740907
29,-19.589070783037656,-20.306010524747823,-14.94894416691319
30,-19.357789654308178,-20.221694300150226,-14.461426869326369
31,-18.88049208274887,-19.76340957238066,-13.959659510938097
32,-18.482026308878712,-19.348579729044083,-13.60232714279604
33,-42.567168432788804,-43.34043217146194,-37.45253867590241
34,-42.60937527846469,-43.15230168462289,-37.34666634653829
35,-42.70421263947384,-43.12234701833143,-37.304059073970706
36,-42.75752871338584,-43.15743769045781,-37.351986055272185
37,-66.72743917044791,-67.09656433542837,-61.137081252690805
38,-66.74373091550353,-67.13218730680516,-60.7629455138086
39,-66.84992570171903,-67.15804648646063,-60.802428703281606
40,-66.91681794290945,-67.14095868767177,-60.70819158989224
41,-66.71024090636531,-67.21547764478144,-60.5941413721777
42,-66.43715386775573,-66.9398231205664,-60.22075634437483
43,-66.44012013783103,-66.71329180346885,-59.82372558181041
44,-66.43010020352435,-66.54662967894376,-59.35665116315566
45,-66.3340123388805,-66.43840390302408,-58.919488975603294
46,-66.12333871348127,-66.31790328237796,-58.535139945915056
47,-65.75057674180438,-65.89149554050972,-58.172701148237635
48,-65.78909058232661,-65.85547462566511,-58.17293325282953
49,-65.78917238065881,-65.87677624259334,-58.16676160799027
50,-65.61538531014642,-65.6909588222301,-57.683729320617246
51,-65.58119803766664,-65.22724659280624,-57.21058314660335
52,-65.53730677924263,-65.14671766964507,-57.146454905645335
53,-65.49300360123031,-65.15357156069716,-57.12772679322762
54,-65.39493842763213,-65.14256784425697,-57.101731312516904
55,-65.39567434056387,-65.10274757277216,-57.177460784611924
56,-65.3246697481317,-65.11526777012907,-56.680588413063106
57,-65.37973234337406,-65.0908841063829,-56.68329379649819
58,-65.20118006502977,-65.04747921773142,-56.259394538193995
59,-65.09758949853307,-64.6933537648134,-55.7399688392451
60,-65.12102150280248,-64.41340969048088,-55.37432584411627
61,-65.1819459848668,-64.47099737031577,-55.348167823153176
62,-64.99091906891879,-64.29763449476653,-54.98049209396028
63,-65.01744412629931,-64.32642540679876,-54.94162714792434
64,-65.05646129400219,-64.28342673075124,-54.9905953687856
65,-64.7724138061641,-63.83367889064837,-54.60981191349047
66,-64.60713097914079,-63.872233217673596,-54.4608135283445
67,-64.63945962335292,-63.92631061785431,-54.49551251277194
68,-64.37030298211519,-63.80870129244454,-54.202695366181125
69,-64.3664345667328,-63.85133693108238,-54.09804293322548
70,-63.92422986811402,-63.75302574202611,-53.79452339596417
71,-63.59829607877022,-63.592460522921364,-53.39644493406369
72,-63.59149923341479,-63.624881540266344,-53.30061154807951
73,-63.48657698918056,-63.483264015128476,-52.89348008359066
74,-63.07420420370396,-63.05815426932728,-52.48441099401303
75,-63.041322626464606,-62.92720816088609,-52.39735252678791
76,-62.77215031648803,-62.5343470288193,-51.93990207801502
77,-62.363898946151096,-62.184297614823656,-51.60159391919365
78,-62.35051181286593,-62.21677830910265,-51.59879541419925
79,-61.85539615977292,-62.00707031504095,-51.15321552848767
80,-85.91217178773182,-85.91750743591277,-74.96136728687702
81,-85.88288960994423,-85.92765970521492,-74.98892581418487
82,-85.69712996653374,-85.87029997884048,-74.65575259476928
83,-109.70265879704755,-109.82122430856947,-98.41680349614829
84,-109.72314153424256,-109.83714823410199,-98.43232777577303
85,-109.68947154734681,-109.52170445354942,-98.00877154060144
86,-109.37695307693556,-109.41499229140145,-97.58551891894334
87,-109.36444355232318,-109.37470552642515,-97.58416942855528
88,-108.92242168670941,-109.27235867057094,-97.18481417976804
89,-109.03687474955606,-109.20073457469832,-97.25831492062846
90,-108.97968704739571,-109.11533222062032,-97.1397417780023
91,-108.89236867061611,-108.99240842041883,-96.57435431861452
92,-108.85633001815908,-108.83928350896092,-96.49962254429637
93,-108.87270635484774,-108.41782657473165,-96.23186268968173
94,-108.72562957608416,-108.33973933753232,-95.85540065227434
95,-108.85327613815338,-108.35801624953072,-95.43192035626906
96,-108.78549424521313,-108.32211132211813,-95.35311206379654
97,-108.47573634233868,-108.1340227642823,-94.9453916063866
98,-108.0147381161491,-108.01424723539635,-94.55090327519166
99,-107.95348958378406,-107.97991169873731,-94.08408456423811
100,-107.97783047450206,-108.00358300837233,-94.03606184190811
101,-108.00680624438921,-108.01025305126691,-93.88506139588729
102,-107.92663874761503,-107.91802111391814,-93.53574446993191
103,-107.8264445982117,-107.77492598526845,-93.09702419209967
104,-107.73132812684906,-107.81272926005191,-92.70104502010588
105,-107.66564833058662,-107.71753661405235,-92.35321071331347
106,-107.24112094983454,-107.63393999121647,-92.00984309343089
107,-107.19641424676857,-107.52376270756633,-91.65469241049354
108,-106.90435278194155,-107.17978628410083,-91.30937583374603
109,-106.66416831198138,-107.12345337885517,-90.85868229643486
110,-106.59400967083762,-106.86480324608388,-90.558145334802
111,-106.5785175576292,-106.51671227778317,-90.13033126436548
112,-106.61740839200874,-106.45560211047277,-90.23861887114124
113,-83.74529030604796,-83.676020216275,-67.0052509316714
114,-60.85873857314226,-60.66071281361616,-43.650807906714505
115,-60.7962483071717,-60.63969658425693,-43.73504264402142
116,-60.84127495143106,-60.72275697143178,-43.64637972587971
117,-60.70972222580192,-60.32478898421144,-43.319027944889605
118,-60.65004184320477,-60.3348270224128,-42.86954968231676
119,-60.49086791119931,-60.22208123405637,-42.42226463248845
120,-60.492415823731136,-60.10815729764695,-42.561036272499976
121,-60.30187382269035,-59.99176440930712,-42.0390381001703
122,-60.31007298950798,-60.055472492580705,-41.53580757388519
123,-59.86387015021188,-59.63472477772956,-41.13752548691862
124,-59.79591226885135,-59.63817381074685,-41.266007686973175
125,-59.70033075801653,-59.578330429479536,-40.87568558557457
126,-59.57472397714663,-59.39704227718086,-40.423267045179216
127,-59.42865137095076,-59.07276050232129,-40.053337688193494
128,-59.3370456722918,-58.687402993281246,-39.59426416435231
129,-59.38583933494067,-58.634720903450855,-39.60022038545428
130,-58.959388155185444,-58.23851741972251,-39.25748221653594
131,-59.02098606147275,-58.231256080866046,-39.257320468649205
132,-59.05392450276182,-58.24886473004602,-39.244765875940004
133,-58.5927652357814,-58.14044114744307,-38.762659328406116
134,-58.502142807881555,-58.15583042827706,-38.795175678076355
135,-58.50543590790799,-58.12479682339953,-38.74151867274645
136,-58.104190379212774,-57.88810524769936,-38.29974076019791
137,-58.12644902321102,-57.85645816600968,-38.23156993015068
138,-57.6783229763762,-57.80731985458311,-37.70457714148303
139,-57.48205305273741,-57.70618582711873,-37.32024858848637
140,-57.47629158310532,-57.659529643342594,-37.303429886055476
141,-57.53999503235299,-57.588827620292456,-37.35512555833826
142,-57.345995243475755,-57.508396150297564,-36.94054088973713
143,-57.3775244855536,-57.45550456911895,-36.57471387855959
144,-57.22085769204939,-57.09082140413794,-36.15887089428908
145,-57.09097245988767,-57.12333995134144,-36.24253333911717
146,-57.17790240988738,-56.903706915649316,-35.8766225695602
147,-57.13859366387792,-56.92589475250247,-35.972877913187006
148,-57.10192239809662,-56.86294014357179,-35.584883440078606
149,-56.87314991806494,-56.79909393188551,-35.1910445031291
150,-56.47516872849137,-56.812203984863935,-34.765913955804976
151,-56.371070917118665,-56.754480959108726,-34.34287986971377
152,-56.40121444193983,-56.68245574670923,-33.98941718440124
153,-56.3836049410345,-56.701283379260346,-33.920074873655885
154,-56.29897126927006,-56.699260950054324,-33.605793433010525
155,-56.31570102571796,-56.58912035447526,-33.19280624815461
156,-55.940778186218616,-56.30560249718073,-32.785863733919804
157,-55.93849857799511,-56.33704099256332,-32.63093602720507
158,-55.99053991778682,-56.33686213736696,-32.19151636353266
159,-55.94516517936596,-56.33506740987857,-32.12489405191473
160,-55.484872415980504,-55.90926319640371,-31.625975085961997
161,-55.13112753634783,-55.74324188307405,-31.233034682495454
162,-54.73717718565778,-55.36399619481547,-30.798250242433408
163,-54.51122895218366,-55.25693621723172,-30.50028069657756
164,-54.4501741292801,-55.12433546151676,-30.081566179795963
165,-54.3584837512245,-54.758478557875186,-29.673317311075294
166,-54.35616192381669,-54.72577577738956,-29.56472600348145
167,-54.37528028087138,-54.7588687843133,-29.504978061442113
168,-53.98840400724792,-54.717508218797654,-29.14147887863746
169,-53.96588822674654,-54.583796259117406,-28.705189832416153
170,-77.94697430732744,-78.38573388698497,-52.476730732030575
171,-77.97492039969102,-78.36676218212062,-52.50775575920547
172,-77.98334819339415,-78.18974228836298,-52.41041447021193
173,-77.92832814560967,-77.70041918964009,-51.98123425440147
174,-77.93061851103427,-77.69586046489849,-51.92250999720433
175,-77.58507234768224,-77.54875451455786,-51.55998792259
176,-77.4380066835419,-77.54486920850569,-51.19305614796464
177,-77.47702176623474,-77.51285971732032,-51.135443464001746
178,-77.28464388085867,-77.48758462678975,-51.01670005303808
179,-76.90930761353978,-77.31820910073014,-50.63550360174697
180,-54.042897414423685,-54.47234855948645,-27.28126031041927
181,-53.97424363439135,-54.4748368849689,-27.23237693188032
182,-53.847711452085036,-53.99007645866239,-26.742141585287733
183,-53.52858776914018,-53.83173795812025,-26.245306538265787
184,-53.54784078223316,-53.770980207676665,-26.207773737411024
185,-53.105583131805815,-53.645899506323964,-25.81268861911469
186,-52.76480745094577,-53.60591657838391,-25.32491344927375
187,-52.71365039071141,-53.60133729144923,-25.374565878339926
188,-52.33101149003603,-53.158678232644164,-24.950245758757333
189,-52.16314665549022,-53.006740958481416,-24.520069347825793
190,-51.74477847089946,-52.582143695969485,-24.055976100649115
191,-51.3957222925674,-52.16683076799736,-23.74938804269182
192,-28.49382389847222,-29.341891907878416,-0.49132088702600996
193,-28.545291599704615,-29.368245708644615,-0.4921100452104877
194,-28.43774951034545,-29.414906379026895,-0.45401518576305416
195,-28.462234484071868,-29.260203928245847,-0.4229107156979619
196,-28.116766308123225,-28.80695770781794,-0.02975347183232402
197,-28.01020366860334,-28.796961749243327,-0.041041754982441066
198,-27.684728497294156,-28.861313603306247,0.4577390154637384
199,-27.630794455622592,-28.86281045535271,0.48815677969054627
200,-27.376665700133977,-28.692759510090674,0.9524265926487794
201,-27.3392005792641,-28.728623907588478,1.0888062542014905
202,-27.353775078213776,-28.762910786927897,1.1030110695034885
203,-27.33506107543491,-28.766824454355834,1.1892779149477792
204,-27.25818049743121,-28.805061005188843,1.1516990227634547
205,-27.352229541495166,-28.39708706532567,1.538790901179205
206,-27.014223167446076,-28.365688225923968,1.8584263713881248
207,-26.870717679061674,-28.35945552436632,2.308430802220981
208,-26.87777810249017,-28.265039535792194,2.6926429949321697
209,-26.875358846575878,-28.299416708359175,2.700530429377988
210,-26.899131742759476,-28.28986982082051,2.65623083918587
211,-26.795940685302668,-28.18446305211031,2.9742728597564074
212,-26.37700013664143,-28.224002749346706,3.3775570638051136
213,-26.373807321574724,-28.2175446812236,3.407985345629927
214,-26.400809343303017,-27.828384885942096,3.8175509046085856
215,-26.40595155145982,-27.82929603184531,3.8661277524928637
216,-26.280062126009813,-27.723193804560946,4.283854419489711
217,-26.24916069046063,-27.595952316597405,4.48571565127718
218,-25.90978404479189,-27.14900127261383,4.86979056442363
219,-25.409427466184543,-27.07816133396137,5.371037633082372
220,-25.360223107770125,-26.534897947291565,5.862284158895052
221,-25.319101282938124,-26.464505769019148,5.844830180863241
222,-25.047573650002512,-26.367946468505167,6.08821409657386
223,-25.12596648739143,-26.140438485923543,6.327063457468771
224,-25.140714715241717,-26.138354034066946,6.315872073572319
225,-24.690966226740034,-25.666389882773608,6.8682356676875695
226,-24.294049629340883,-25.578593708853813,7.262504143176139
227,-24.24478813539242,-25.55654352779322,7.728411699421338
228,-24.2155926793898,-25.18717781219327,8.130015925906381
229,-24.26574909011291,-25.0138287351712,8.487582941713908
230,-24.278782843956247,-25.062258290528746,8.930593131025534
231,-23.97569408669082,-25.028914724754124,9.293443735327326
232,-23.84176009118637,-25.023902847436002,9.4151638565658
233,-23.573734357416345,-24.822413045260937,9.702587812197372
234,-23.6185098275236,-24.75254231010792,9.699259175285443
235,-47.62459067603659,-48.89631897949564,-13.9513694425271
236,-47.20724393402761,-48.846555813751614,-13.530797841401146
237,-46.79614158583653,-48.67484876305607,-13.171452959428745
238,-46.69991674006068,-48.53239148379251,-12.84020313468251
239,-46.72819338210828,-48.510353279790664,-12.862131886373133
240,-46.75749623720181,-48.51961766273455,-12.868194349931233
241,-46.6723240224023,-48.55176757390859,-12.77587928400921
242,-46.382614171381256,-48.399200261534986,-12.495155847488137
243,-46.45439511279193,-48.49485558279394,-12.466278122100302
244,-46.37286417052439,-48.549783435824665,-12.501414481909757
245,-46.07029429623187,-48.440291625463715,-12.034315741762663
246,-46.02148715398306,-47.83892620508689,-11.473903360479865
247,-23.260432044034587,-24.828994577095415,11.831864814871471
248,-22.778825106672787,-24.405812986218468,12.230930329692953
249,-22.65726459515317,-24.364209336937865,12.281369026625518
250,-22.702459977226408,-24.29850886320567,12.221070423567769
251,-22.420544698115066,-24.309735236177413,12.663030183988461
252,-46.412270928672996,-48.3720994000126,-11.10123203309709
253,-46.00889937831735,-48.29051416585911,-10.694766751240271
254,-45.88561268054636,-48.32970252777339,-10.760899827489588
255,-45.81652510199182,-48.26859556668194,-10.286421191964463
256,-45.502806972345766,-48.13588029419402,-9.763077300773151
257,-45.484430811583564,-48.065776686833125,-9.781890823441936
258,-45.46123219743739,-48.01971175157263,-9.795975979222797
259,-45.09977753812888,-47.9845117479672,-9.42459507245467
260,-45.05072410544515,-48.00578868551342,-9.451355472687265
261,-45.04819731466545,-47.9972638237614,-9.487035966655043
262,-44.79654702792802,-48.048434789278936,-9.351760185848484
263,-44.829067679663524,-48.02195013263366,-9.391308560481546
264,-44.294606711230145,-47.98772666891826,-8.872619481222953
265,-44.10068023336962,-47.765950169963475,-8.44106589481394
266,-44.123628077660854,-47.763386388388646,-8.452172344045144
267,-44.03725916384374,-47.575563739284775,-7.9715039957545955
268,-43.99222379934582,-47.637046961017525,-7.934521020290683
269,-43.49370143965149,-47.54228135146311,-7.390210956871858
270,-43.41963341877965,-47.60599978878208,-7.238717480424054
271,-43.29192429725736,-47.379877557366534,-6.908367500025152
272,-42.98667685306628,-47.253172561758284,-6.6077142872025
273,-42.868207001076954,-46.90680254356983,-6.165865360574295
274,-42.90702901012993,-46.619398258952934,-5.81055388946172
275,-42.3962627847699,-46.54411503148205,-5.391678219384325
276,-42.16243969161987,-46.16958522872196,-5.039224439765997
277,-42.277463429986,-46.19183251672819,-5.054150612572981
278,-42.17015571591616,-46.134276023061105,-5.054191730849
279,-41.75728907188115,-46.12911059223327,-4.626087818780735
280,-41.73185565940179,-46.204581687903605,-4.63944560997553
281,-41.7302554519485,-46.242252581420914,-4.6692339921251245
282,-41.33878107648855,-46.11981973826891,-4.212581133883299
283,-41.06670709478481,-45.711837448344895,-3.867720265289843
284,-41.1546386364453,-45.371735422231964,-3.4949567978541287
285,-41.015142546295046,-45.256715950818375,-3.1068296868120058
286,-40.97055820474841,-45.08938769088692,-2.751272684526571
287,-40.60746887101655,-44.932487296805405,-2.2832265047716547
288,-40.51744973671004,-44.920934018857736,-2.278641611319945
289,-40.47346626863535,-45.008543016256496,-1.8209105022402374
290,-40.389182468623325,-45.006104064953604,-1.4360572519150108
291,-40.33242030519848,-44.938216879518436,-0.9040569943347573
292,-39.898498965625855,-44.52582299949779,-0.3072173070852017
293,-39.85339799966236,-44.10198406393241,0.0500534697860846
294,-39.40923708343742,-43.732383929142564,0.46445003348575026
295,-38.85171904166313,-43.573384956037664,0.9601236528764314
296,-38.785440145123594,-43.40310921800406,1.401425907608696
297,-15.921130180083395,-20.655112873203233,24.728352511006847
298,-15.913491124051168,-20.333216025382775,25.02533759919238
299,-15.883658932374482,-20.294739451930226,25.09016529431105
300,-15.54659953042876,-20.137560609732535,25.477559609029814
301,-15.05544803739758,-19.796463974849452,26.07639022088911
302,-14.527499805096825,-19.757268675147838,26.417768727147365
303,-14.49132518164988,-19.752176999419092,26.453389176174856
304,-14.537404657517413,-19.665812346608732,26.985166195901133
305,-14.594821311681882,-19.35824498299921,27.3610504110843
306,-14.653860414814398,-19.268637187461177,27.365533994714873
307,-14.617147368955562,-19.31830609774037,27.49158294497236
308,-14.261430828651006,-19.267179610757978,27.929862899869015
309,-13.89728053596773,-18.91718148941482,28.30660057542776
310,-13.831952662879512,-18.95302260544496,28.213702316002678
311,-13.861084506594485,-18.961585064216816,28.223623279241874
312,-13.83181803185626,-18.90053337944055,28.253156735843877
313,-13.272429761898334,-18.74505945834484,28.70737289667987
314,-12.859732299430762,-18.608964187213434,29.059871616211268
315,-12.489513338434497,-18.467659465350124,29.429394913737536
316,-12.15586451094053,-18.33592561983611,29.82294705304599
317,-12.157129145081951,-18.247313040002624,29.809664206621836
318,-11.808400867644785,-18.155279686463004,30.19817443443266
319,-11.744415827056443,-17.804266001794318,30.554854278219477
320,-11.79050178098723,-17.820392787168334,30.640558583867104
321,-11.303350782174553,-17.81038493201117,31.20666635594115
322,-11.071582069829054,-17.743090214315085,31.687142087629844
323,-11.05822820093874,-17.737723661419317,32.06366462305638
324,-11.088428814684995,-17.71730640319958,32.063858224262944
325,-11.142948790549797,-17.448311250783256,32.46717972338462
326,-11.061950840545537,-17.395898506602393,32.94391113546638
327,-10.721965213221665,-17.126224954239557,33.23579818129514
328,-10.778058167004223,-17.070563407908374,33.63879929076713
329,-10.788890276280776,-17.012048881362567,33.99838027981444
330,-10.289695896496104,-16.997270706971943,34.36067404807266
331,-10.300128620473886,-16.801645957704395,34.73180211721442
332,-10.217691603471495,-16.456578674329148,35.15347089783763
333,-10.232282166917273,-16.53430964333541,35.17226108423731
334,-10.03269030394138,-16.42754340167758,35.499983062500526
335,-9.969461385074457,-16.45070164500115,35.50997083891038
336,-9.648674531300621,-16.2019592732151,35.89266295291768
337,-9.558440029674172,-16.052511013651518,36.329626378945875
338,-9.568031102584504,-15.951090547640234,36.23853539377899
339,-9.406151080454123,-15.61190936647533,36.728287754061306
340,-9.001745489742996,-15.376367984146205,37.15193733685889
341,-9.043712503927962,-15.07860635040058,37.663379794273325
342,-8.529080274577318,-14.614842456315838,38.2016787196258
343,-8.569954071255887,-14.572931825948137,38.311048022204034
344,-8.082275889154957,-14.56274603279627,38.69907013918207
345,-7.955354479839846,-14.175822898572259,39.04743692623776
346,-7.700909135019914,-14.073584461801977,39.50800066735498
347,-7.147187676755772,-14.088194021572784,39.97491912623232
348,-6.655542852325096,-14.102719771385884,40.471267263769285
349,-6.617252186182992,-14.039866773551429,40.51148099228284
350,-6.483586217041441,-13.95425670426871,40.92639287168859
351,-6.4994648769826275,-13.9880297765115,40.88066481259427
352,-6.075580040740946,-13.985504045442525,41.24964989047744
353,-5.747135130448682,-13.717308249655273,41.63354528296039
354,-5.655376017232568,-13.598347696174695,42.06218356729322
355,-5.585265635088071,-13.505019691390642,42.15181225235335
356,-4.973387967851223,-13.478575491121598,42.554846262468786
357,-5.020980491584954,-13.493756326386986,42.528508424599664
358,-4.928466098336544,-13.10615545625708,42.94828656333256
359,-4.51363585905722,-12.74111401439508,43.365379224819634
360,-4.167314106880445,-12.672659663275512,43.70575018109733
361,-4.178376294887927,-12.690125503081422,43.61191874992485
362,-3.9957382502998904,-12.54535820727526,43.95379384909675
363,-3.6319122650736713,-12.524419029981317,44.373903412540095
364,-3.188261564069624,-12.365446370215642,44.77833285876797
365,-2.87295431444989,-11.99154537543281,45.1805293822433
366,-2.8138603993194806,-11.87446811259674,45.48445299957368
367,-2.2871477225312615,-11.759591561729527,45.94188676700138
368,-1.9199850844902469,-11.634948694835199,46.2967920958997
369,-1.3420114863722195,-11.153700535040432,46.88375395326755
370,-1.2730571514934577,-11.103832910207213,47.24873684827163
371,21.584189044250756,11.979747841276538,70.5851903214453
372,21.59390861056005,12.369736583927283,70.9712377341603
373,21.59921754895116,12.346258974974216,70.950201194363
374,-2.465334534525276,-11.694681790858926,47.06887742355843
375,-2.540570553226826,-11.656678992674445,47.05905924309634
376,-2.1449618952290135,-11.584703416773651,47.493096761885354
377,-2.2037590021093334,-11.487254740982204,48.0288478675156
378,-1.6993285911326403,-11.247317486398494,48.51353828244374
379,-1.177267813708584,-11.258387390080765,49.027218337929405
380,-25.236712622359317,-35.25935952359892,25.266700914766776
381,-25.099170407225955,-35.09739004635976,25.669209543250513
382,-25.12979793937269,-35.110388007326485,25.62507850340832
383,-25.17409422304795,-35.125732064760854,25.671494455553294
384,-24.97094682487943,-34.95849965107918,26.026139450854664
385,-24.789436912513498,-34.780455176633566,26.4003264302561
386,-24.74375717292454,-34.79508936697133,26.38488772204824
387,-24.739839622710264,-34.831614291593375,26.765226222516016
388,-24.75024546557389,-34.69770879791145,26.741372235140055
389,-24.362283442844713,-34.66922713355798,27.12963666941919
390,-24.394556733017772,-34.728908975145806,27.176022949528264
391,-23.928325663805996,-34.61061613855653,27.684258122841573
392,-23.603483036777018,-34.572295572784306,28.141514327627323
393,-23.574530017272178,-34.691453084241374,28.129280153554635
394,-23.63425298130981,-34.70585479845066,28.666452835340515
395,-23.49276686976292,-34.69836445596283,28.994513329751637
396,-23.432045493748085,-34.78031414335166,29.004219826426827
397,-23.36993932862943,-34.654517099676966,29.33731095765544
398,-23.361846275869055,-34.274242472164794,29.69352569446888
399,-23.252759726761106,-33.95152589003599,30.075851136586387
400,-22.776219564027308,-33.84450946560618,30.485994173159114
401,-22.376162910869393,-33.74817830946313,30.879322981278573
402,-22.35377706457888,-33.80787455978308,30.88689870744533
403,-22.21913633253302,-33.79374510178985,30.921235713270953
404,-22.16814010355317,-33.856706732361495,30.878412323382076
405,-22.06965367730848,-33.80860238748558,31.289897567222333
406,-22.087438120716428,-33.773085762673645,31.33308157025864
407,-22.032279027855388,-33.67473981853404,31.41945266620745
408,-21.65136911723104,-33.64127792951705,31.852756548941844
409,-21.265811485342436,-33.55016390937754,32.238710387654336
410,-21.094575626210137,-33.139496137151475,32.61439320453411
411,-20.687813814658337,-33.056503243030164,33.00685623004428
412,-20.746443395100975,-33.14515486644051,33.07038087650855
413,-20.517002611747717,-33.085194387562815,33.35886241106048
414,-20.360115185064718,-33.090524125608546,33.40704868833409
415,-19.935365148326078,-33.04476171382886,33.800410039081946
416,-19.855134942535717,-33.08521427006598,34.27414363683179
417,3.010577376336947,-9.913440598350924,57.629071540756186
418,2.9674597576837747,-9.857234962351622,57.6768764352909
419,3.342226977741997,-9.883880034246664,58.04080581931226
420,3.7819544555696964,-9.787333678792503,58.42167615276352
421,-20.23894741858263,-33.81000277743616,34.60539239295222
422,-19.71490166421063,-33.707647737955895,35.08160216113517
423,-19.212821630269943,-33.2718099178255,35.481805615815354
424,-19.182391258152105,-33.271321072628815,35.44137975569051
425,-19.240691702605865,-33.27446478405518,35.361430333900636
426,-19.278827941534175,-33.2329910419586,35.352167598390565
427,-19.109625012243445,-33.1162661366412,35.75480631854016
428,-18.714698981557394,-32.918129759433945,36.20624886907629
429,-18.291027002203606,-32.56190518987207,36.66997964969036
430,-17.90165124037778,-32.40826271777883,37.01999625502481
431,-17.481693590354993,-32.481433252388804,37.43831096870342
432,-17.507030660529256,-32.57310031061412,37.43733534685234
433,-17.47910867046827,-32.532488321567165,37.39664292166181
434,-17.373057137102048,-32.563742267622686,37.44741187073041
435,-17.328807467797994,-32.55286023468822,37.344169397712164
436,-16.953652259931825,-32.553007372202025,37.70398636103959
437,-16.527512323014403,-32.492047339108126,38.08977395129921
438,-16.461832827446024,-32.50175354505998,38.18357661740314
439,-16.30184175856826,-32.3741587116455,38.615745881399484
440,-15.93809728462387,-32.27566332453232,38.94351657709916
441,-15.911094136419516,-32.315569246377336,39.003949456647234
442,-15.504620546840675,-32.202671326931366,39.38840922018328
443,-15.428429843970825,-32.121399886143685,39.73386286262301
444,-15.431507007664827,-32.14680689602605,39.72690241811071
445,-15.3137509165674,-32.155928161739936,39.81401277531288
446,-15.260184184778982,-31.77431390452538,40.2275342911629
447,-14.944103028548643,-31.719680932617273,40.58274505241884
448,-14.77454494706653,-31.75097348034281,41.131548219191345
449,-14.7243295751259,-31.72511363861586,41.04478438478827
450,-14.622154727047457,-31.31526187450233,41.43089071659387
451,-14.512866865784954,-31.084633333998084,41.91409045319176
452,-14.079867556858911,-30.66396115345785,42.31070032839194
453,-13.742214282304682,-30.594743436242226,42.66410092185516
454,-13.647381286883604,-30.471472907492366,43.11768695521925
455,-13.600975855230276,-30.098274242849257,43.57858356533203
456,-13.325658101173484,-30.027903904983262,43.991019324278675
457,-13.276224642705584,-30.09547619322786,44.000114978925765
458,-12.90582698281016,-29.84670174513204,44.316890127686754
459,9.945810979838209,-6.762791368525431,67.71925737569413
460,10.334202117776405,-6.7480085551037785,68.12948633629973
461,10.527907811550643,-6.731736967176964,68.21656944919877
462,10.894711307546046,-6.609340733735934,68.68391310229978
463,10.906489250171322,-6.579745518549811,69.15820538187906
464,-13.174196493902816,-30.617247214538068,45.4010974196341
465,-13.187966647843336,-30.609603759370074,45.45085618853884
466,-12.951864562967165,-30.29879143658566,45.810155434283224
467,-12.951674409161006,-30.379996293172628,45.815968755994135
468,-12.53731600007757,-29.871919884125454,46.11993901787196
469,-12.422428454651739,-29.89375805141939,46.104741160249446
470,-12.315571415941045,-29.915220272434322,46.2543584789104
471,-12.060633106370329,-29.835931671282037,46.638756551209475
472,-11.846589496443922,-29.537264773354213,46.9658630962307
473,-11.825184025023159,-29.536196273372315,46.98667448034052
474,-11.798634508622468,-29.466572665225186,47.04586720716029
475,-11.325734791875998,-29.05009808246623,47.5014464326157
476,-11.308143930796872,-29.00525808739293,47.396041815999425
477,-11.212824052273955,-28.946181314682676,47.9823076018444
478,-10.815750179760025,-28.58027623516967,48.3081596236944
479,-10.81567001110937,-28.549084554540883,48.33169097177833
480,-10.735866320488865,-28.522970469705218,48.73790515900681
481,-10.683222829769788,-28.19835137615216,49.27511260336082
482,-10.245320034647994,-28.14722184464054,49.82853437980623
483,-9.924939669164432,-28.042860293502592,50.24729937010045
484,-9.571579397537413,-28.106371042621962,50.74516259716271
485,-8.973835198296895,-27.971049798330476,51.25114856499137
486,-8.712882093823666,-27.86870817160666,51.613716784873304
487,-8.543175144154121,-27.61738350098412,52.14921148938918
488,-8.225733027296794,-27.218132507512006,52.58338746923415
489,14.577653555898937,-4.321428954758137,75.81325119348209
490,14.987405241726028,-3.8931480202079807,76.0840266896389
491,15.353564907287367,-3.7250985323674444,76.42779520134448
492,15.429399676000987,-3.650491364873009,76.86751688761447
493,15.699597483224832,-3.2006489547823422,77.30722235776685
494,16.167422777159935,-3.092866962542282,77.76733288357403
495,16.24040937091183,-3.178872090089673,77.70326214621134
496,16.545701419588923,-3.075985300620866,78.0110663893117
497,16.57833503532684,-3.151139315708857,77.96527010027748
498,-7.433087657096252,-27.24135845661438,54.17828875886173
499,-7.448692466945539,-27.151597888818763,54.27758942416256
500,-7.4011519879421,-27.119507112306678,54.22232534061107
501,15.450467584923082,-4.305911040772489,77.5408386431179
502,38.31993915046132,18.793211910690445,100.83289508418818
503,38.54588317962503,18.90987038375776,101.34388748257476
504,38.5301498528275,19.032756060195464,101.61024491861312
505,38.795825515443475,19.035507810756602,101.90332737024985
506,38.76350678883191,19.056535066218007,101.88860816477921
507,39.097764916031494,19.132614570217548,102.26563686553617
508,39.533523053364206,19.583458748325008,102.7576374107087
509,39.53530432682722,19.588551783644,102.73960212517495
510,39.652982137871795,19.922473252169173,103.1131351159363
511,39.659644202680035,20.060887695037803,103.52163256144323
512,39.70747884606364,20.168784851261318,103.6111103856882
513,39.79915329636678,20.174357299903978,103.98185456461378
514,40.20992535924096,20.328129372520603,104.44733127479068
515,40.560431328250104,20.393558169037224,104.8662708950583
516,40.678504200512606,20.775535647437863,105.23077621159403
517,40.93620294273151,20.951802072681815,105.55536333850324
518,63.68917526735481,44.11349801291153,128.8801186084163
519,63.8567872400203,44.41176923974303,129.2569720639469
520,63.91513931255465,44.896662507274115,129.7424614737169
521,64.36272796496476,45.33170987278745,130.183847670261
522,64.65113411532356,45.391468508851595,130.6165314572882
523,64.83564925155825,45.4658318034611,130.99183701095993
524,64.78530027788592,45.493405617223075,131.12905612695238
525,64.82636075329718,45.958692041696615,131.51628050506864
526,65.0648292823534,46.23440062509597,132.017819250632
527,65.23155533802438,46.32820515122443,132.37151452251948
528,65.26686323947031,46.32745611510929,132.3632253810529
529,65.28480889986031,46.34234891981959,132.4475270989971
530,65.65688051146346,46.56062327734909,132.9132937182513
531,66.08493131099377,46.89696869039285,133.32994678603058
532,66.23351805331994,46.88465320262451,133.48502528625355
533,89.09256902973755,69.89358955331923,156.72991103531174
534,89.03599834917436,69.88688722415637,156.60997239639113
535,89.06828939134539,70.00918545787063,156.70943019961058
536,89.50791917845959,70.08572891377894,157.1781853911753
537,89.71874179410973,70.25968073008465,157.60070264195213
538,90.21871461326816,70.35864579906988,158.18682057554145
539,90.1614619851826,70.36432702194459,158.18738341400777
540,90.13687861615259,70.4403160783151,158.58285330964242
541,90.20926353239622,70.62578402074992,159.01841179078943
542,90.31461904080503,71.05907171008364,159.55229792600997
543,90.78128352712277,71.14415658272212,159.89673431500177
544,91.13378209515496,71.17364392177534,160.22930533248427
545,91.49414765708121,71.61768977760521,160.570722336904
546,91.42640759727372,71.64958461451354,160.5568148495945
547,91.67581054476607,72.18084756464371,161.0111941958201
548,91.79440563551476,72.25239569511912,161.30618431315153
549,92.0089209417319,72.59245907756139,161.58879670813621
550,91.95563595586412,72.58134884441525,161.46875156350387
551,91.9870428509016,72.6019964886898,161.47478538227367
552,92.1875611518259,72.96521141127202,161.81055405205956
553,92.17493017103432,72.94833499697953,161.7421017484504
554,92.26688112599818,73.07415218790236,161.88454319682864
555,92.70103686080957,73.07637989642114,162.35565248083608
556,68.75709813688195,48.914661474987554,138.57789022168316
557,44.754611044590156,24.9956905041029,114.79784911748479
558,45.24779080635507,25.05651194924082,115.19816310487295
559,45.637880371398786,25.168082461173444,115.6462417498677
560,68.48992621343237,48.07732580586969,139.01487779198925
561,68.55215111723342,48.083926852000566,139.00196118570975
562,68.88547428396318,48.46700041480601,139.3206405679869
563,68.96566201091571,48.58401384124765,139.39597790162708
564,69.32727491391022,48.91237113306736,139.78688321443977
565,69.33500533538626,48.97137340150792,139.7776143158462
566,69.42202977446995,48.91747981093906,139.86336808769747
567,69.39081250498428,48.90825354305626,139.7911568643316
568,69.51840602183685,49.0478335566736,140.17626030561712
569,69.65371489367135,49.09368204541988,140.64726395421155
570,69.58469888739127,49.0107690231463,140.7386744932432
571,69.52748581582168,49.01374465198006,140.7725355576798
572,69.7980710919963,49.04387310270388,141.08312756873642
573,69.88534022890882,49.14019437378393,141.55527265393312
574,69.99754648475408,49.53426836717343,141.89311054913514
575,70.01329361513692,49.611145984805695,141.96859056887487
576,70.07205334452414,49.99366411676247,142.36393973003578
577,70.10944555963593,50.180136700622015,142.7874893292701
578,92.94244347187528,73.45827919798427,166.1429818940893
579,93.00430619929743,73.53948893451813,166.5865899022104
580,93.256475206249,73.84814929726208,166.96849140804068
581,93.53039678114312,74.00325338486792,167.30006367383686
582,69.40233446207675,49.95669048446763,143.54670974539795
583,69.69198151537718,50.35448495334534,143.85881862229607
584,70.07246108038065,50.76784565900811,144.2733203354749
585,70.184840338756,51.207861337661974,144.72665552009732
586,70.14427748279914,51.15713829234426,144.7148800678422
587,70.28779735976299,51.22348378833165,145.05855858410322
588,70.4636550402326,51.135915290503256,145.10236971458517
589,70.84355895569696,51.2757927882889,145.56346782755767
590,71.17715177993716,51.378976848604644,145.93161296066518
591,71.3642791474418,51.60445233530837,146.30125785155806
592,71.99216365465506,51.67523359909631,146.8172167926305
593,72.39118309181478,51.841105243851665,147.19403029511233
594,72.44412028331053,51.84117422640207,147.13062021893435
595,72.73673614578719,52.03109369569929,147.5263345644384
596,48.7367667086601,28.005816654843525,123.72168787984182
597,48.72012093071264,28.022933546568005,123.71315896338723
598,49.05541413566314,28.433789690380458,124.14773741577888
599,49.013756630279914,28.81377035773401,124.56666229971862
600,49.196597260114444,28.857612238498017,125.01900149840733
601,49.27464597103247,28.979777146191392,125.42744666292842
602,49.23716043901666,28.923246379444514,125.459010795552
603,49.70926620483143,29.075779584681467,125.98855262794599
604,50.14554865071291,29.263109951587325,126.35958643499666
605,50.24548202527834,29.67379770225476,126.77953435851282
606,50.15363161494071,29.61454072430029,126.76489560745681
607,50.546745413718234,29.58972834238888,127.16050131278348
608,50.66775854698616,29.65967174703475,127.507093007491
609,50.69974252565987,29.991284837278496,127.88681669786138
610,50.81338684548171,30.29407377257298,128.27800540210177
611,50.87161389019288,30.71098366392405,128.64142161283252
612,51.01905504491875,30.833050239273785,129.09190789339556
613,51.11482455869676,30.81345655887734,129.0987099375538
614,51.059390371800184,31.238721396510797,129.39543227795747
615,51.28094512493043,31.454609470640154,129.73147951459273
616,51.25597591000086,31.452100359222392,129.8171133618341
617,51.588562485273904,31.61073300721089,130.20844694503023
618,51.911323231261576,31.97107961947161,130.63388075103535
619,51.94976342117139,32.161313331374814,130.7046619754727
620,52.23213129370035,32.44551670888504,131.08296638838286
621,52.37455620143096,32.565324346412126,131.5037596040223
622,52.46632326987248,33.03714093089822,132.00420515441027
623,52.76786360403468,33.011744178874636,132.37096494993438
624,52.85480937758687,33.00891679747759,132.44515878249376
625,53.336978848522364,33.4804758072325,132.83686378450003
626,53.80396365147014,33.46234890888792,133.25847703499727
627,53.73486388534048,33.47527256577238,133.3857713024507
628,54.16029286374342,33.64317536831043,133.8324060500093
629,54.28448134365474,34.08633386339329,134.25355813111557
630,54.32221454600412,34.09500355800451,134.2030298071252
631,54.32327856785932,34.139451287093344,134.21901381532268
632,30.379582365864636,10.107244640345542,110.41987096417002
633,30.368873935949384,10.202349322772882,110.94578479817899
634,30.420423202030747,10.277763530304362,111.28454657647784
635,30.52675250459663,10.403751265097041,111.71751598024322
636,30.48457728587522,10.848911568496643,112.18153290987657
637,30.843900911745642,10.98238576191625,112.52696851831128
638,30.902474509566183,11.4033772528344,112.97467883412898
639,31.084503863468527,11.46143549851128,113.42581093091219
640,31.40814836448962,11.911490802078296,113.87495122616816
641,31.50795070411611,12.041124335865845,113.8977400171005
642,31.5655323238972,12.160295123150506,114.29782407820717
643,31.694597371020862,12.164508456857469,114.67165461283072
644,31.745332177677593,12.602224247772156,115.06165800967752
645,54.57202185252811,35.59711437868984,138.39366600422457
646,54.61899065823181,35.64589248042434,138.8762994093712
647,54.59980613725276,35.693593171216705,138.86321998118063
648,30.59957143949115,11.890548378008546,115.06065118613816
649,30.67446408185277,12.394489228482142,115.57470776943116
650,30.60935212140195,12.433934940491536,115.61365752509842
651,31.013120257510685,12.489677014559495,116.01446646933881
652,31.0756930786014,12.50298912973729,116.07851271577272
653,31.432392509301028,12.699315592095559,116.50054244279265
654,31.69835323472426,12.643519691576149,117.00112627657157
655,31.727978212256527,12.74405446777777,117.42098728932167
656,31.914796531577622,12.888444839879394,117.85577760260561
657,31.924999433015262,13.022665745621786,118.23379124125421
658,7.989452781399532,-10.986466457800066,94.41596053666237
659,8.10688971225711,-10.849030946169867,94.86848592872525
660,8.037033803001462,-10.908246193720823,94.87878081768457
661,8.071887066702182,-10.920204512724274,94.85143092171575
662,8.006819890360402,-10.762488051780094,95.00653161869494
663,8.077357999839197,-10.721828221343145,95.02986638202354
664,8.482412001260915,-10.592767304733943,95.43600889480958
665,8.821739818198171,-10.496700266333036,95.83565202120873
666,8.844083443238306,-10.503440309908397,95.80075256369562
667,8.874594251717767,-10.495591661859976,95.97253561799478
668,8.955622904092763,-10.46138064675684,96.37966409958142
669,8.974596344667518,-10.262285264354512,96.7751549629744
670,9.001091002411707,-10.145509687160912,96.87334503594836
671,8.940983526107903,-10.165293722748725,96.97162173525184
672,8.914075576047567,-10.192236803121505,96.98611138425424
673,9.098046157405673,-10.108536697463197,97.42607910937134
674,9.389696330494866,-10.07468855154088,97.7772009614129
675,9.462919046108231,-10.102339376880973,97.71931763814851
676,9.487230415261896,-9.728407531299549,98.10472276864547
677,9.608733289971486,-9.601219454165612,98.51869740202771
678,9.624324129845217,-9.410965957091532,99.04230190809778
679,32.48726526083226,13.466593923550091,122.30511722524163
680,32.822973941140724,13.820416846623534,122.69287266220361
681,32.81649807879755,13.84940971088829,122.76756219568281
682,32.90063708400247,13.851207568939069,123.21280470834519
683,32.9228121700317,13.79372526082084,123.23576345041688
684,32.93205412532261,13.880066856771224,123.61753266752194
685,33.32295940511544,14.281616367757637,123.93370912073765
686,33.669922124089695,14.616815509706322,124.24428121459671
687,33.74746294795223,14.701960326854088,124.63257659981441
688,33.880669533314205,14.750171626102526,125.08009857248449
689,34.01135980329805,15.047114907896585,125.38867250001117
690,34.15920260012836,15.50590185380586,125.89011069392296
691,34.19109679107702,15.47857550824623,125.89762853637455
692,34.26863358977583,15.73192001259982,126.27758134886314
693,57.20154081738137,38.56015250702378,149.60898281983518
694,57.27303251813063,38.65793741075056,150.1429514095088
695,57.22355182018049,38.64617082111286,150.2217697874972
696,57.23657681819048,38.58192106272237,150.31657118318938
697,57.18710810044595,38.62429029098117,150.6918080302551
698,57.35634305222061,38.793294349565286,151.09958943467728
699,57.319349927513436,38.996258722203216,151.63713352049362
700,57.41466030392152,39.10679600729954,152.01253633186732
701,57.447143711194656,39.162623227724154,152.1758219663921
702,57.455184105985175,39.168015177762136,152.30071079345421
703,57.45960443438579,39.211570669719165,152.80727698299341
704,57.46237288088669,39.18087837987843,152.83765550527053
705,57.4284955508566,39.26031496521688,153.37755186893813
706,57.7345951467494,39.37365080837848,153.8614595457356
707,57.909391270113844,39.528895371788295,154.29090841205732
708,57.906618902008155,39.59094127135263,154.47665586063536
709,57.88859840272966,39.577655591245566,154.46277600022952
710,57.90304474315123,39.676949769129685,154.7240545720912
711,58.476260677150584,39.71156871429481,155.31397781293188
712,58.47149640979333,39.76194091295457,155.25166025096033
713,58.53429505581489,39.74109392697398,155.33319847746637
714,58.728893215593395,40.051433058561216,155.78482881928022
715,58.818328584835726,40.242272322618525,156.19154388415404
716,58.72543351226581,40.2479472721323,156.19959419392632
717,58.744121933670485,40.42323476217459,156.27573043226568
718,58.94915327203495,40.48486517404561,156.86066168199946
719,59.00347454297426,40.47421200274439,156.94393252318406
720,59.41702112908316,40.752688244582,157.27477490517592
721,59.85486060006048,40.9188484601246,157.6085933384965
722,60.21073688479133,41.31659744777454,158.03499014237195
723,60.79080124075264,41.841381947772454,158.52143239262844
724,36.693578617042775,17.77166642513995,134.73430901410958
725,36.66548130465802,17.82239869446192,134.81855723689856
726,36.8588483372078,17.774087470147794,135.27148507121814
727,36.819391255788176,17.791368140967062,135.32369987477585
728,37.101020048919644,18.240259578929763,135.8218738463177
729,37.213254841759486,18.2772161001661,135.98217619879455
730,37.29262031451552,18.392517242565365,136.36886247349884
731,37.686618987384904,18.474197225865726,136.81162709785224
732,38.0215828347261,18.67190411538577,137.29820672098822
733,38.01787050142688,18.663693910150947,137.29851510037085
734,38.22904929538433,19.130194406831134,137.73498619659534
735,38.32204287677555,19.28969313019506,138.18421522014432
736,38.44227509812099,19.388262086255317,138.61432974151234
737,38.51356819251857,19.44555436170445,138.96478838554447
738,38.9114773345429,19.713117263320203,139.20871878047168
739,39.27253641483026,19.89533873386017,139.60301047233256
740,39.68605684341529,20.026076556725624,139.96560098800245
741,62.41884345679467,42.82781113739827,163.2775771741
742,62.83006325205636,42.93380644579315,163.74669434825057
743,63.30291729499358,43.001669329540974,164.26761740119937
744,63.40659834042467,42.973241304374966,164.7593231404006
745,63.41202440422829,42.9523493881689,164.76379129331528
746,63.48070441846507,43.07466621767617,165.21383452180095
747,63.58698887002132,43.27430628947107,165.65656415652094
748,63.67166640955709,43.23576943648603,165.63497788859414
749,63.68385023832566,43.29439694607624,165.71025735068594
750,63.99894827028899,43.7902935382802,166.16688346716074
751,64.22097115968849,44.016232972903616,166.59193810249158
752,64.56679482394368,44.1558999539548,166.94795550034294
753,64.95495079424514,44.33677129038551,167.37732422009694
754,64.96125968942823,44.30345316087455,167.4773600758161
755,64.94641484686221,44.3068962616053,167.6041319593345
756,64.91693647766259,44.32510877221645,167.61588348231874
757,64.98822866059407,44.353902393344185,167.66718985596552
758,64.99852333635094,44.63088748937173,167.99037225901435
759,65.54151943864392,45.14287529754167,168.49236595952922
760,65.49339309498734,45.32340367495889,169.0335320951498
761,65.50124852971251,45.38544294420445,169.02838522522123
762,88.29703468842851,68.41890536036445,192.38785573066804
763,88.2906519543526,68.39098608963319,192.34683792144637
764,88.50020925308758,68.83660426524307,192.93989201135744
765,89.04101220828402,68.9228265759264,193.32089193461738
766,89.11929618552686,68.96123464808541,193.82897079312514
767,89.50975464179551,69.35668421906611,194.15131998566875
768,89.68616780505742,69.40657499655042,194.42803763857674
769,89.63805834605839,69.43169735988687,194.37279024838392
770,89.83707511451821,69.4248275880269,194.8891745056843
771,89.86352592951282,69.42767531003965,194.82531895620053
772,90.26035422442015,69.76329827577175,195.24937992261485
773,90.28637808737685,69.90625894736255,195.63548764431306
774,90.2792532627379,70.00474401058828,196.03331278465797
775,90.59665757274765,70.31833120590922,196.45701872344947
776,90.5700886685368,70.29062844123858,196.53740512910446
777,90.59182717176465,70.31451108647602,196.67290081932748
778,90.63104216025079,70.33964832685056,196.54866584973954
779,90.66470310540053,70.31196694311774,196.97278805892714
780,91.1429261192367,70.77597967141449,197.31104492282216
781,91.30563566022481,70.89588290504354,197.6507246579507
782,91.33255148626057,70.95613964788546,198.06635349171233
783,91.66557976577707,71.34517543407775,198.44204966329613
784,91.67458648852538,71.40326205720403,198.56537670626005
785,91.63758974543404,71.42899478703517,198.71185245218598
786,91.68406753666169,71.50865620672631,198.9876166297733
787,91.82998795229351,71.66069731437537,199.34893878534987
788,114.65045486371332,94.45217087212865,222.66463988460012
789,114.60598726405937,94.52119618792089,222.70259078457306
790,114.89912111011408,94.79721954426499,223.060026151525
791,114.91033809295298,94.84242042200306,223.0825586747936
792,115.48484954730259,94.87799066390336,223.57172044079667
793,115.45338194231826,94.84095845447749,223.67274031204738
794,115.90180868594287,94.98225664871329,224.14910469781822
795,115.93785975272537,94.9976716941728,224.46492257892328
796,116.52532009274638,95.18975537140058,225.02834843098046
797,116.9329032507575,95.58961251771065,225.3783734043988
798,117.37852516283202,95.67200465202832,225.79618321841028
799,117.35899616411717,95.60397019247193,225.83571828991543
800,117.63593690931951,95.73953141243321,226.16213881342023
801,118.14386581556079,95.88942584890333,226.65677766658487
802,118.09880887879451,95.94927510310829,226.70193859739214
803,118.11342070800383,95.98791698415137,227.08189229348707
804,118.48958355911975,96.35561761509912,227.4096832127083
805,118.90331580439195,96.4549725157642,227.8494143352865
806,118.86867806150705,96.3795631230465,227.79199398295796
807,119.21352174471002,96.54925775186047,228.10964393977653
808,119.53047894601144,96.73035615387967,228.4865063853779
809,119.867367302639,96.79899232289618,228.78151884248857
810,119.91163072013516,96.80701680409486,228.892573965887
811,119.91091299680696,96.80062178372147,228.83829677268218
812,120.34397330288763,96.88973838465019,229.25049638382913
813,120.68055496493204,97.17012593257964,229.59465027655347
814,120.97867014987801,97.26339766866235,229.96005448772766
815,121.00882488412546,97.220870904725,230.06876127946364
816,121.152705731432,97.19148036420549,230.46449659484136
817,121.21361546701971,97.24434877947441,230.42587740667665
818,121.1924266942393,97.19080424516461,230.36618516800849
819,121.19606292560947,97.20016902265577,230.52432934295032
820,121.20015850041865,97.19618024205496,230.58687401734753
821,121.12836302422522,97.13038945123358,230.56881773597755
822,121.4265938273739,97.27077361695119,230.87884118736562
823,121.54831653623076,97.78234033731671,231.40017047414835
824,122.00160501725813,98.23717904841351,231.7814152869146
825,122.02317770895786,98.28108882160117,231.6990754142729
826,122.12909217928171,98.30035408355415,232.0688975670881
827,122.41266547573244,98.27795088342961,232.43948065032313
828,122.95711083153223,98.51017846764135,233.0971471645751
829,123.05148024509803,98.93493637821172,233.525580009686
830,123.38637404413642,99.01411902508494,233.79238167343343
831,123.5181631683612,99.38387488999854,234.3338676595211
832,123.5682365996379,99.3785504958395,234.31160660669147
833,123.6513371194515,99.36193760860503,234.31720708458545
834,123.75344092145869,99.35174473353808,234.51260745389936
835,146.56021410442813,122.72082059164018,257.84381425399323
836,146.87554194030372,123.17437383355247,258.24800982381527
837,146.89136387764603,123.57762624715586,258.55472164141173
838,146.91505210777805,123.62362682015613,258.5400820568183
839,147.34437747908208,123.77663505781744,258.93125994912435
840,147.32815377953386,123.73060591311715,258.90706400101124
841,147.29270257265617,123.87718687489837,259.33000798090706
842,147.37204423578208,124.30518908023768,259.7080812053159
843,147.84723147291476,124.42030906063472,260.08769572456015
844,148.24108728528302,124.43840524666068,260.61086269394286
845,148.17166015759145,124.3583916914355,260.71811730263596
846,148.22866439806492,124.46682502998046,261.01261265134656
847,148.34419320139514,124.51807379433008,261.3682594518572
848,148.6017883004987,124.45511194018442,261.6606041292305
849,149.04063495785857,124.63822277285988,262.03930309144357
850,149.44786879001876,125.10265567945937,262.40972144235235
851,149.8757602024307,125.56328819128447,262.86550991232
852,150.21629132135388,125.54191472153433,263.1265964745036
853,150.22568790396744,125.57595835284224,263.18890773380775
854,150.2446762857695,125.54524219563741,263.15384685562464
855,150.5225667453197,125.98191892539751,263.524742630061
856,150.66943880026056,125.97308999777167,263.9129890468292
857,150.97214115840876,126.14966135886539,264.2292230267402
858,151.1369042694116,126.52154666585386,264.61471505396014
859,151.1852667878818,126.61273764106923,264.93833703743655
860,151.27224472349772,126.74040200258403,265.41971181618084
861,151.74611538619402,126.97280099617163,265.7720275138574
862,151.79957935907265,127.03909949469538,265.73981566107744
863,151.84961486515095,127.03254927543112,265.7825960201548
864,151.9631142124402,127.08324599175732,266.25784432971665
865,152.26761844858584,127.05223173183852,266.70996107785845
866,175.12455786161632,150.13393864484436,290.06998754802726
867,175.0347610340495,150.10087986310296,290.2477336734976
868,175.02392055444298,150.12372823132964,290.31380737762214
869,175.04538759558307,150.14271021374893,290.2957594067379
870,175.0433071726965,150.09163097850433,290.4162252266394
871,175.22717621445292,150.35666862730494,290.78117939133483
872,175.21480982779903,150.35084310838758,290.86484805422543
873,198.04647254411879,173.69705219321358,314.2968540640706
874,198.08057735549878,173.68391921719777,314.2804632882286
875,198.01143060798293,173.62487404461922,314.28996752623254
876,198.47087319886722,173.67218909221253,314.7650630095216
877,198.59282753906595,174.08958554692506,315.06730585477624
878,198.87668209634958,174.14098574713972,315.421825625543
879,198.92826759260544,174.24288164013777,315.8631906134373
880,199.22628397028797,174.25135370381602,316.2258685369361
881,222.0880831691278,197.0456740960729,339.5524266324585
882,222.39162884906463,197.26749822975071,339.9894795784022
883,222.44473056201164,197.72034028362134,340.34078275596545
884,222.47500348285266,197.7493452257031,340.3683841504417
885,198.54583620389295,173.7839464142665,316.6421068651889
886,198.83707093462183,173.80244414740895,317.149875390171
887,198.79546639203093,173.83172740744496,317.2061162811255
888,198.95364879572102,173.835202348623,317.5682325873719
889,198.98130625353997,173.80779233371467,317.56231712309534
890,198.94000704463863,173.8454654062976,317.59360771724175
891,198.93948566459335,174.2455822006764,317.9999790644775
892,199.0767143031375,174.26623559552326,318.37346193160107
893,199.2328233216638,174.60003583428391,318.89169415515914
894,199.34871898371455,174.65905598165696,319.2840512686895
895,199.38460865847074,174.63271345921888,319.29039043968817
896,199.5483505472173,174.67111886980342,319.5917944795988
897,200.00099687798692,174.77377628066537,319.9792333849305
898,200.35757225302024,174.8845569665429,320.4232555882844
899,200.2958082282819,174.82856041575997,320.40927555240523
900,200.71021646045426,174.87765119947352,320.9454017144491
901,200.71300538493747,174.92901859820424,320.94428473046077
902,200.87666709694017,175.01094287339305,321.2852353467967
903,200.9262013666596,175.114294960007,321.69416720623644
904,201.06722805290116,175.47446972839086,322.0313542093682
905,201.4161725358265,175.48980927220052,322.4400225980935
906,201.43615499109742,175.51110456329297,322.47964938191654
907,201.7588485349317,175.8630794921079,322.7710727892906
908,201.88617818394792,175.91646578422953,322.78400255755145
909,202.04455272491273,175.97283448475181,322.8960308913123
910,202.2217678829376,175.9612461311288,323.2969531594158
911,202.53731971329336,176.04769261455948,323.68114520275515
912,202.7598804636594,175.97307883492243,324.13436615156985
913,202.76386829000438,176.05030683299003,324.3219998240983
914,202.83886432691756,176.01902327721197,324.1778367655794
915,202.83091584995407,175.97449165627918,324.2400029327102
916,203.1745833331002,176.20341130725953,324.67582835435417
917,203.34361327688612,176.17609833416992,325.1233819989748
918,203.74612283631535,176.25911996929196,325.41562880590055
919,204.2495601078489,176.36693600167445,326.0321248463806
920,204.27812249082834,176.35205387302338,326.16110692564064
921,204.41958893474362,176.34160844641295,326.2691616434218
922,204.32508842618446,176.35319139586053,326.3223994218317
923,204.8059997673104,176.79988639693485,326.7087840971201
924,205.02663246880658,176.80252586493089,327.27900300632257
925,205.02129868470936,176.860417403861,327.3463328478826
926,205.15992524284562,176.7844718626065,327.33498599621356
927,205.2243675161102,177.1793535768235,327.7831882234812
928,205.2635109623629,177.19839147140982,327.89631271822503
929,205.23629278328744,177.24506962868008,328.00307008573196
930,205.2004747940989,177.19911299663002,328.02887557994916
931,205.2497936193942,177.16362544637818,328.0194947440851
932,205.33642609422847,177.28291688712773,328.371832645206
933,205.38884923362525,177.25763400067282,328.37922502529585
934,205.9548487782551,177.75057964258883,328.91408238566527
935,206.03861923420166,177.74616970759809,328.9560865845235
936,206.08544444003817,177.74982933058567,328.8731573390932
937,182.05221065561057,153.7946905419856,304.94484468762573
938,182.43896962592152,153.83516160518312,305.2176859513492
939,182.71400700086824,153.91791233794768,305.55999662514824
940,205.55750929370015,176.7786500166551,328.7360583954513
941,205.9271648036823,177.15851507569303,329.22592688423595
942,206.15591214264077,177.1187402642588,329.5447056382551
943,206.65334391557607,177.23048682884104,330.1509929105065
944,206.6293667281325,177.33001463963117,330.26544644725897
945,206.6034874255092,177.31521277637654,330.2797040939671
946,206.68669525366954,177.49005245455916,330.64447010814206
947,206.68368789780882,177.4811692917579,330.5528037909227
948,206.81107130191455,177.45390279075764,330.912009808331
949,182.75333267101715,153.6553764642785,307.1367963477756
950,182.68616132266106,153.70398100521632,307.20239659128
951,183.06732269465215,154.02346072590467,307.54567814896376
952,183.660481701673,154.0872420445099,308.07797849646835
953,183.70073301569477,154.2320679747859,307.9840304727465
954,183.6709121397651,154.20332047701658,307.96683680088626
955,183.897920614733,154.45611344641398,308.46928255892357
956,184.09785794247568,154.68684765122643,308.84948600143196
957,184.1368094358572,154.6313263637638,308.8109599358917
958,184.1469712335865,154.64783629747208,308.81112013370057
959,184.1404472890257,154.70809108014458,308.8205019765928
960,206.99861038946236,177.51580001314164,332.08328590810675
961,207.34207883351075,177.61002206930934,332.3505388831501
962,207.5430950377019,177.69277431982346,332.6966148571621
963,207.49949275822937,178.21110423351863,333.1819971786775
964,207.53609053335487,178.16827170194807,333.17532017704787
965,207.5082440929706,178.13527010411178,333.08968995721193
966,207.85913093246123,178.57881736318654,333.45692936140506
967,207.91614660321136,178.7041893039234,333.4810098469416
968,207.88429657103816,178.79386366824306,333.4888059820274
969,207.91121834290996,179.00399974954792,333.7936419294195
970,208.12932311399862,179.26189968358514,334.1331548628115
971,208.11686952176598,179.17825498851957,334.0718947921623
972,208.2056735326244,179.23364112055984,334.5162433090085
973,208.17108585158488,179.43182834236777,334.9287672626037
974,208.35104953929857,179.521415186217,335.0867828227031
975,208.31742525949826,179.53257872801302,334.9923902753287
976,208.31704611510222,179.5189570337401,335.1026766056249
977,208.47178929013646,179.44584603318052,335.05463000176115
978,208.59854916984483,179.86147339008397,335.4242085606843
979,208.66183622335313,179.89767280340192,335.9107185167954
980,208.88226050026555,180.07402141744703,336.30920718865116
981,209.41726141157582,180.48304296864507,336.69476031898483
982,209.67001890185594,180.93619905469185,337.1447399705861
983,209.79096563352178,181.35703063215084,337.56437047768924
984,185.81463109229963,157.24442049188684,313.7996701354099
985,161.77844133639775,133.25683356259836,290.0135195626735
986,161.88308899538833,133.4485002690564,290.465765454953
987,161.86360903721666,133.5505459731968,290.5057355642064
988,184.72639577956048,156.67890660437206,313.8510537963631
989,185.30604953052557,156.73993857556312,314.3596134975078
990,185.40274935096667,156.76139521863922,314.44396771123434
991,185.3696914302434,156.67260515101634,314.5194787504503
992,185.7968145778306,156.73049114001958,314.9269636394309
993,186.1379846424851,157.0843179386949,315.2253977995214
994,186.5950173202736,157.1689009623596,315.6238745864574
995,187.11692185764323,157.29852552850406,316.0524064340922
996,187.01573915874263,157.44275241266487,316.24743160963686
997,187.00369080215702,157.4572031686532,316.25406243698677
998,187.07512934787948,157.86068387566618,316.62309010782496
999,187.07201161578104,157.88522964311252,316.6829485204079
1000,187.26152078021397,158.22612884475646,317.11314147774493
1001,187.31073235233706,158.17167518370607,317.1560740157944
1002,163.30168535546628,134.0365421429396,293.3869239967229
1003,186.05588110079455,156.91967677154503,316.74107640942367
1004,186.20188142993766,157.00990462720466,317.177598558489
1005,162.16955781978845,132.96305818939874,293.4036126655635
1006,184.98252369180972,156.24682240152129,316.7564792382823
1007,185.36215120114122,156.35793296458561,317.153367184436
1008,185.4432599470847,156.2961069477683,317.18757125574854
1009,185.34973370934998,156.3426549120627,317.14774123958995
1010,185.64421849312978,156.2596525243309,317.51316517404405
1011,186.06535207422579,156.2098685242046,318.00544220967777
1012,186.08907894154908,156.07635622433327,318.09599637406006
1013,186.06052306069938,156.06253173655392,318.1231101055371
1014,186.56780151389125,156.15058123280343,318.44944517611157
1015,186.6076645982666,156.5714326117271,318.80540956969895
1016,186.61231607924628,156.55584695251736,318.7610098822573
1017,186.79151214310576,156.73325126111777,319.1209235076897
1018,186.76396305292886,156.79413616832736,319.1340820676118
1019,186.7113854186176,156.76785349962316,319.2317403387202
1020,187.09280590158028,156.89197399783274,319.615266750666
1021,187.16898216719173,156.82365161648804,319.5246410186299
1022,187.1392098941401,156.83068951139236,319.51933373385225
1023,187.62871549220958,157.0558584493548,320.0533161385419
1024,187.6171620183367,157.09949966690507,320.00543687380195
1025,187.6615323626295,157.26376096083115,320.41804573807804
1026,187.6462862520116,157.21025138268644,320.5044263401487
1027,187.63864204604855,157.17276254047223,320.5774607965364
1028,187.87999188584376,157.1439419700738,320.942501707915
1029,187.93025690946308,157.37231520236722,321.3250617804641
1030,210.7331460586077,180.78415765782466,344.6503390793907
1031,210.70482632904697,180.8258496082448,344.6709844247008
1032,210.70921158088782,180.79172027453765,344.75919932874774
1033,210.75579851413352,180.85181609277038,344.82355467890477
1034,211.11591821454545,180.94035500470395,345.1915667259381
1035,211.2719063503008,180.97540494583157,345.6408357883195
1036,211.507128487204,181.0195754088006,346.01051719539885
1037,211.6764027812573,181.05623305333734,346.3511753609783
1038,211.7938224247955,181.41333889319415,346.71637910839416
1039,211.83388231640177,181.51719418607556,347.14577948768635
1040,212.16308214128372,181.87394043754384,347.5254536820299
1041,212.10452133261487,181.98806606090628,347.52505173634216
1042,212.2194200499124,181.9699140222358,347.6749674452874
1043,212.2372326893477,182.03298998486258,347.63544827811006
1044,212.37885335441632,182.19638549407566,347.9884830273869
1045,212.43692345192702,182.17319068839728,347.97213642389676
1046,212.53669629547412,182.18401187646683,348.2292140429672
1047,212.74431474634946,182.52504424626366,348.63149584239255
1048,212.8177670782808,182.53914018566996,348.6232875725628
1049,213.16266071109354,182.40256645327133,349.0571534945394
1050,213.66417623949383,182.51219481573364,349.4939319267054
1051,213.64031584080496,182.55728186540338,349.9251180431298
1052,213.6324284916434,182.5144733733703,349.92732491826007
1053,213.93949984176137,182.44317662844344,350.3333379433304
1054,214.08419587475083,182.57252013236234,350.7651986838899
1055,214.21607563984637,182.92180903720302,351.3556339889228
1056,214.57770868304655,183.03224885108455,351.7603338483963
1057,214.56413812393785,182.97776755216637,351.8578991606112
1058,214.9871769354408,183.39504899795705,352.2291649632671
1059,215.38481618459716,183.76640303804265,352.6206784468693
1060,215.93059868127122,183.89035390590848,353.166974289659
1061,215.94249359071134,183.86141311520257,353.19190684250015
1062,215.98361486831416,184.2737998945422,353.52621914799755
1063,216.2232231231301,184.69558169231925,353.90026567052786
1064,216.27083799965587,184.73394525929075,353.95585562843803
1065,216.80671348026772,185.12108123300803,354.468693332047
1066,217.0468861087935,185.25128383470863,354.84353521032784
1067,217.38413185313644,185.35152259926974,355.2968196337083
1068,217.7625339969241,185.3653872259726,355.67921940327585
1069,217.72310101845048,185.367087630784,355.6941239851702
1070,218.0767521884485,185.84007368073057,356.07856318763777
1071,218.57494752101937,185.96328046645309,356.4296786717136
1072,218.8811243324884,186.32720765017524,356.7969173836499
1073,219.4164272866812,186.44322430528743,357.2808279159516
1074,219.67148111974538,186.87860257145286,357.62295999162507
1075,219.62175969365538,186.89107998093277,357.6482291884104
1076,219.67675168106967,187.28560822259092,357.998182774934
1077,220.02925087530718,187.3630957223202,358.35890136976764
1078,220.4597213006185,187.7605779959464,358.81771784748645
1079,220.48731848623544,187.81477718673526,358.85676133394
1080,220.5456577358956,187.83480168645534,358.98772634027165
1081,220.78295556536278,188.027772946057,359.3888623299245
1082,220.88229459253233,188.43252429860232,359.7720258994992
1083,221.00933660437795,188.73374962615586,360.13317484127083
1084,220.9071397696453,188.7332157329425,360.0657665093366
1085,220.88368996922634,188.77933388233353,360.5239184959808
1086,221.31909292422276,189.2280936099137,360.8745375113819
1087,221.5676230443277,189.26852719412676,361.23878142860735
1088,221.9048499827152,189.57100093917526,361.6184981284742
1089,221.90594201548893,189.57509518055355,361.6262144732495
1090,222.00227812455722,190.04753488246098,362.05281522472046
1091,222.00160505182794,190.09076674165613,362.03432620201903
1092,222.12055908256988,190.27646955536218,362.41402954541445
1093,222.09176698898494,190.29349267768637,362.48200073337796
1094,222.45577694727274,190.34127379748347,362.87161221939715
1095,222.8551123667292,190.41423305955652,363.22968804000243
1096,223.23737168911214,190.51693611690817,363.65235000299356
1097,223.35427225932244,190.50513762115585,363.6787316856024
1098,246.14143301023412,213.34330062098343,387.086895831824
1099,246.30502491511493,213.759343403308,387.52298587826954
1100,246.30439591193982,213.78722057058965,387.5396488787799
1101,246.30651486207415,213.9026607226245,388.03489834754265
1102,246.3494637133763,213.81455451567228,388.01934824105666
1103,246.35180521070913,213.87740850409634,387.92752641216356
1104,246.51127442238982,213.86175946889927,388.0358084205838
1105,246.45506733728465,214.23070971616062,388.3987122977664
1106,246.95974391196125,214.34507487566705,388.964176346421
1107,246.86057520727726,214.3362963309432,388.96434968907135
1108,247.22296976284258,214.40745176999837,389.3265402971258
1109,247.20337592457324,214.3569921259731,389.34601651033904
1110,247.29281667102578,214.7310747652251,389.73814869199026
1111,247.52345501928235,214.9420920470819,390.27769411859094
1112,270.36738821765357,237.75705264247523,413.5399351033244
1113,270.74456634074096,237.83687379057096,414.0188543976524
1114,271.00817194498745,238.1895906621949,414.29125015671474
1115,271.550996430401,238.45775144337492,414.837346250914
1116,271.95330211900483,238.5881449882479,415.22527124125145
1117,272.46763265624116,238.7065958807387,415.73853493054213
1118,272.6490432058766,238.82832976119374,416.06900704224967
1119,272.8053119058049,239.1745351021052,416.4609391284401
1120,272.91522016829515,239.4050012356909,416.88347493300375
1121,273.2734968553474,239.73353595059623,417.30318654023654
1122,273.6233412275308,239.86413513434945,417.6453700399614
1123,273.6135563009734,239.9171396213449,417.6332931884402
1124,273.98099793003354,240.09775119143657,417.9714529544695
1125,274.07383119786607,240.22673549858231,418.3169882020022
1126,274.489828087879,240.60545833740449,418.71238650515943
1127,274.55918014068067,240.61124956676582,418.71073461103833
1128,274.6096740389631,240.62569938349606,418.70380291853263
1129,274.91437286820144,241.05301099885708,419.1067021582467
1130,274.95361250553844,241.0467709729171,419.1243373895207
1131,275.3050050137891,241.00932352074372,419.44672141044055
1132,275.66611595023926,241.3706721971065,419.8694904520387
1133,275.9212089495628,241.76660210340745,420.43489601761047
1134,276.37964100794045,241.79027927493158,420.84236917310943
1135,276.7791047041766,242.20112834307133,421.22668285172006
1136,277.25034546085635,242.33719641838178,421.62024597610906
1137,277.3589929483244,242.37254441152567,421.5293652550668
1138,277.46136053544706,242.3971532692535,421.62879797903514
1139,277.9962712823284,242.84863041473616,422.1788029107977
1140,278.2638354067361,242.82616812285303,422.56029625696056
1141,278.27944495089645,242.85226037833365,422.5474555584339
1142,278.7351012978783,242.97560980844864,423.01165437454995
1143,278.6314880914386,242.97450806524841,423.03354185197225
1144,278.7758027416537,243.06990967046156,423.46926303558564
1145,279.2194095867669,243.15316530299992,423.84906078289106
1146,279.26475737576027,243.27719625610516,424.27696353225633
1147,279.50437172443964,243.2919185059632,424.70563445640425
1148,279.656967279155,243.3577860406941,425.0598041471406
1149,280.0822495472033,243.43061234694616,425.4585624352396
1150,280.2649026544554,243.91642506650095,425.9599807725757
1151,280.8298869419279,244.06280094321482,426.41835097037114
1152,280.8585095386785,244.00745642298733,426.51691935396826
1153,280.858463207367,243.9813853207831,426.4477500063492
1154,281.3423622265896,244.18947353780217,426.84023596129555
1155,281.89455222453716,244.3606989715791,427.4273780345674
1156,281.88248508591704,244.30920035784024,427.43011056707763
1157,281.9776011794711,244.36994391082817,427.7672852585104
1158,282.1317684360364,244.4334970404605,428.14786731204754
1159,282.22307839987866,244.49829657936874,428.4899593889423
1160,282.2149743706895,244.5993291763265,428.83041345350796
1161,282.3040206803487,244.6121172911612,429.16526458000556
1162,282.364947739994,244.6701522938906,429.49869809043497
1163,282.4880138915115,244.82156089785508,429.8182808474173
1164,282.5465252764698,244.83770048290413,429.8017497647497
1165,282.5123363091867,244.80517709058827,429.8066136481305
1166,282.524023915488,244.8569822544456,429.7866692141945
1167,282.62321387180407,245.2049469961894,430.18914117337937
1168,282.6671130526181,245.449533429891,430.54522385654917
1169,282.9057936054801,245.6024363693318,430.9803416915853
1170,283.2070859502395,245.64607491364205,431.4041220928413
1171,259.3047136283819,221.64865499882967,407.64818234871007
1172,259.319926013877,221.612554453273,408.019191506373
1173,259.4124810111098,221.5765342442849,408.4342790126043
1174,259.73040032397256,221.68950819221908,408.7932639024022
1175,259.75252515795097,221.63605185399817,408.8166951909031
1176,260.1625443408764,222.08084249316155,409.11763666770685
1177,260.55303329552163,222.45172894418698,409.48855799057816
1178,261.03882839837206,222.8369353469063,410.07738288004293
1179,261.18133431705314,223.01029304069056,410.43375508028964
1180,261.2276179275283,223.02348819655148,410.42640617828675
1181,261.32261491085944,222.92295350107239,410.4320127468273
1182,261.2486224868375,222.9610537571633,410.4038727389082
1183,261.2398577603423,222.98101963724926,410.36558623923156
1184,261.52104329266916,223.23621025030306,410.72223580626803
1185,261.54005400068115,223.45733945272937,411.1330420707843
1186,261.68464133957144,223.87437775308965,411.5516950765779
1187,261.66628341357375,223.8652110359146,411.64250407339495
1188,261.88904271311026,223.89584807127923,411.99429768124395
1189,262.00070240544284,223.85158956288495,411.9896265168407
1190,262.07877042910894,223.9315977448282,412.15114021553114
1191,262.20541797856504,224.0322670850618,412.47895787406674
1192,262.18999451190456,223.95791908100998,412.3839359703174
1193,262.51233637418323,224.3314398791346,412.78882507963857
1194,238.47067412483156,200.3601875091913,388.9849772446621
1195,239.01061922000298,200.38836924554914,389.56141510789286
1196,238.96968896866997,200.37022992917244,389.5184048617717
1197,238.98287344302344,200.43145242570128,389.5368827373272
1198,238.90231496986473,200.37146616244678,389.5722572930098
1199,238.95797388452976,200.31723935584535,389.49254048634845
1200,239.02149847655087,200.4782929506506,389.8616580677522
1201,238.94000300357592,200.44681694474892,389.9032225079058
1202,239.12141174225422,200.6456933107491,390.2886258739596
1203,239.619043472625,200.65502598868306,390.7730657944833
1204,240.0332943775418,200.6721655439191,391.0874810283481
1205,240.58497318898037,200.63385089924304,391.624720730382
1206,240.86138020636216,200.8544130289195,391.95221056114576
1207,241.30402453712028,201.21302631373266,392.3813528123913
1208,241.710562509828,201.1775420279163,392.7574832011645
1209,241.90806533458792,201.20650521238773,393.3098827685391
1210,242.01480441437477,201.2806966939767,393.754800007934
1211,242.13740362769445,201.2299482523608,393.9362631903722
1212,242.12823312832984,201.17967225163503,393.887879439228
1213,242.48007774381117,201.3817933127152,394.2916333561373
1214,242.86149815766845,201.34260317042916,394.70971799121463
1215,242.84003946068597,201.3619022460291,394.7231877210271
1216,242.8387978273008,201.3929096850499,394.5445131620813
1217,243.04539181468343,201.55672011654931,394.94279078650146
1218,243.22749641105793,201.89670612634947,395.3814033400478
1219,243.33687147817028,202.03320636328002,395.8729936834139
1220,243.39485215759154,202.106330648704,395.8824013778156
1221,243.37051896275048,202.1858887762373,395.8189232922349
1222,243.62409684597108,202.5757214540675,396.17996939693774
1223,244.10354327630935,202.58709351829174,396.6855724628314
1224,244.20692264827437,202.72803868542542,397.05298117945364
1225,244.2737781682815,202.85072764236565,397.4498815545682
1226,244.32222055395033,202.89662262803418,397.4964709314629
1227,244.5428638291058,202.84537858097514,397.81564056987975
1228,244.99065939023748,203.31779523541672,398.247527689696
1229,244.9733321333939,203.2528133519236,398.12107636734055
1230,245.22362289507933,203.15466639537595,398.5601740940425
1231,245.65088756693982,203.4535027371044,398.8688755470843
1232,245.97879414463165,203.57162701290255,399.260667028971
1233,245.9359072005923,203.4933598737314,399.2193568414349
1234,245.9686674903964,203.57587131224673,399.2501678103219
1235,246.0141081109639,203.55547273834168,399.1839690930615
1236,246.14037269527157,203.91660898468382,399.6148927800019
1237,246.41520054866388,204.2747788878987,400.11000153293475
1238,246.55943308810038,204.31564311296367,400.57815083820344
1239,246.94958967144512,204.59402512073285,400.98371103231585
1240,247.37823574945872,204.85713622979725,401.3815784985002
1241,247.5427358454766,204.95659051364905,401.8197731472341
1242,247.61348736798695,205.09227318505617,402.29119972784395
1243,248.02700072227043,205.58832474161858,402.720484160016
1244,248.53698873017694,206.08564406955105,403.2692416041055
1245,248.84453246486297,206.13673738940346,403.7359985440242
1246,248.84415841640214,206.1494652244171,404.12124664960896
1247,248.86598181836325,206.2685926406257,404.53141712169804
1248,249.3821306966223,206.33902507517715,404.94938469054057
1249,249.40475494535505,206.37835895178472,404.99621965506424
1250,249.48654525224816,206.42005222993538,405.2849430004473
1251,249.59586408814482,206.59178971756512,405.3582282796818
1252,249.78294839109546,206.8243982614396,405.7801538908276
1253,249.91675650616898,207.22618758196077,406.1629848285626
1254,250.05657963334363,207.16622829057252,406.53777292958773
1255,250.24319448895827,207.23460113129815,406.6647407555809
1256,250.27962042113398,207.27845523486027,406.69329353869097
1257,226.2749184773751,183.27985111854437,382.83620626323784
1258,226.29966964385144,183.64170956729365,383.19240788350396
1259,226.6973238575713,183.96783588795944,383.62661437112234
1260,226.65483869269207,183.99090712960736,383.6920900182025
1261,226.72224637337456,183.97322284162902,383.84464630765063
1262,226.83830349319027,184.0139710594825,384.1625178798503
1263,226.8724452914714,184.42956740644448,384.5692782055024
1264,226.84669249032189,184.4099435545636,384.5856041647972
1265,227.21555779250323,184.5502424297466,384.88889933083874
1266,227.05995916278462,184.65892793672424,384.80209539025236
1267,227.5575569472402,185.06714870843533,385.1596398468572
1268,227.78261710583507,184.9975082530259,385.24959025751434
1269,227.85494841380907,184.95208025382752,385.6770656333
1270,228.0662326103667,185.27489970583045,386.194811682319
1271,228.43092194374435,185.5930838889991,386.7029305469435
1272,228.51627775052253,186.04616025723237,387.1786406612542
1273,228.71793264984015,186.04042793155682,387.28183806433435
1274,228.77644078117464,186.08788137447868,387.72464699863133
1275,229.0227528773199,186.23106951022262,388.0992920810216
1276,229.03457301261656,186.33088413952234,388.54307313636184
1277,229.12511087671166,186.4527870130714,388.94560519919804
1278,229.13866974311287,186.4306168178172,389.35796001785485
1279,229.14090696672403,186.8778157878375,389.6919405670958
1280,229.1367004046978,186.9779375062277,389.6695961193321
1281,229.61626488078556,187.07010229440405,390.11135038745505
1282,229.6533592683046,187.19727542738693,390.0614676664928
1283,229.6609294207022,187.21219801808599,390.02097462192614
1284,229.66147681151955,187.15155856443008,390.0575972616287
1285,230.162385878483,187.69558580232734,390.4739941088555
1286,230.40774818320386,187.86590235197573,390.81115101979293
1287,230.80437524876342,188.05290845445444,391.19903931341463
1288,231.04916699625096,188.3911163341297,391.5407493306704
1289,231.0794842116525,188.4669497775783,391.5772031776942
1290,231.48828478475588,188.86292571585804,391.8999697461639
1291,231.48062750915747,188.76372352069865,391.90856990562185
1292,231.87609987326033,188.89467928391602,392.256919831533
1293,232.45718549409423,189.1143442018711,392.7812993346992
1294,232.70383388477708,189.3454542816206,393.203372694102
1295,233.02893419006722,189.47045529233378,393.57180610246064
1296,232.98508452029466,189.53543480397474,393.5969224762892
1297,233.06855381088016,189.93884429042572,394.00988636044497
1298,233.59243706850407,190.03881133476264,394.54812316375063
1299,233.98388259844555,190.17218364410934,394.91527567352495
1300,234.49358853591494,190.25124727554294,395.324440952003
1301,257.2862312819771,213.11262191298954,418.7072448190871
1302,257.5895009218258,213.04504099036504,419.03709213091525
1303,257.73507056516684,213.17663152916617,419.4104843110115
1304,233.65798827106698,189.16922528087233,395.61946536201765
1305,233.980514073791,189.24866622038954,395.9930369341196
1306,234.14940185280054,189.37326458422177,396.336615436035
1307,234.26376005367425,189.35471314621006,396.3702173691125
1308,234.20301974687982,189.36193468884272,396.3680206871141
1309,234.2134898149797,189.3339980010844,396.3790902508868
1310,234.31698219033686,189.4579222995865,396.55102987816554
1311,234.42350951453042,189.50255709176594,396.93053005641866
1312,234.7918235349115,189.5546245372132,397.2874058750042
1313,257.62559530257187,212.32900395472106,420.5346750002331
1314,257.67064176428437,212.30307061874,420.57776364891424
1315,257.8565481971854,212.28845655221033,420.9807065152158
1316,258.26811877016155,212.64036148173668,421.39255116462397
1317,258.2872561907325,213.17580535686253,421.81998800472775
1318,258.3737485277793,213.229990896751,422.254902955284
1319,258.38598856721705,213.33097634808226,422.6516399834133
1320,258.3280778498626,213.4075620015378,422.70416108535784
1321,258.8307195734676,213.415753929518,423.2322406108376
1322,258.80427883704783,213.4652661243049,423.28464312297245
1323,259.0116033075388,213.75318548329275,423.7144809794842
1324,259.48742594682045,214.14935706971218,424.28960986285813
1325,259.5020358115646,214.18298305462923,424.2572540579984
1326,259.47256584535484,214.14733688666456,424.28783270225426
1327,259.6532077991605,214.16478786142397,424.6875275159889
1328,259.88332085575195,214.29163516013026,425.14425200219324
1329,260.1090284908831,214.37232274540878,425.50967250820753
1330,260.0753050178604,214.4135934635945,425.49744108484964
1331,260.0634825760236,214.40761248237607,425.4418808538218
1332,260.1169427724756,214.31237874770278,425.5145300350031
1333,260.37787531819936,214.4437155532288,425.8217006363401
1334,260.55394756993275,214.52352720478638,426.28242271368913
1335,260.5331814938172,214.5611031884707,426.29500801787464
1336,260.62986098205033,214.58778841869213,426.3610584256336
1337,260.9566240732967,214.59848460244183,426.9214183706654
1338,261.0180255837771,214.5297233465437,426.91289777002436
1339,261.08707790047214,214.5495876604728,426.9300410219105
1340,261.17238161044963,214.56633238256043,427.0054308844244
1341,261.4927881367219,214.79147108294364,427.5671738058972
1342,261.960668592122,214.9277105228681,428.0206501938077
1343,261.89048516206697,214.99955554216447,428.0690616351678
1344,262.38898584378734,215.0303628639867,428.5216491032789
1345,262.3954661957359,215.0756623484547,428.5446258064463
1346,262.56599235446964,215.07753944052905,428.71940572857244
1347,262.790760828131,215.07619850804892,428.8286260519284
1348,262.79174592496264,215.06739183287138,428.6840789293635
1349,262.8178868018623,215.05017489209715,428.63981038165815
1350,262.84410015670096,215.08258052422204,428.58528671550897
1351,263.0928958504422,215.0301694311608,429.0270533234322
1352,263.53114488781915,215.1455875394029,429.378884492377
1353,263.532809793284,215.1136676658502,429.3954693305413
1354,263.9835971843881,215.2326407293782,429.7977447469231
1355,264.01779207260523,215.27736441696234,429.9025730024772
1356,264.36966353103423,215.43669858894495,430.19887094840396
1357,264.54040515143674,215.48092716227052,430.56407986602136
1358,265.1121558778728,215.5705370561691,431.07880403034324
1359,265.2500419074774,215.67494795876746,431.4859863047831
1360,265.2039422755543,215.63432067026136,431.5916797476846
1361,265.2466907388287,215.64709997195826,431.6395243383166
1362,265.3596262117386,215.66539891946226,431.6706105110878
1363,265.8320107437416,216.1076960201286,432.1845626193452
1364,265.94169001381437,216.11240998480932,432.252934030311
1365,266.36705713023434,216.16941931565617,432.6731295164862
1366,266.40474391209324,216.11950397689162,432.69949773878733
1367,266.44049829469935,216.15156801425334,432.7712843548982
1368,266.78487337100523,216.42095071936035,433.06037027824686
1369,267.13817573370596,216.5329136332646,433.3949116321401
1370,267.66235288245565,216.66430110189432,433.86135245100604
1371,267.7690830637444,216.7040156470286,434.20472677856907
1372,268.3564413504437,216.74051348539703,434.706962628343
1373,268.9979341208658,216.83844554195994,435.27109986222854
1374,269.0607716013627,216.75718956494714,435.30585829485227
1375,269.08207164397794,216.86908234818807,435.8035573628906
1376,269.0732742127792,216.89894269260645,435.8404031949727
1377,269.0686257012944,216.89526704457865,435.8507636955936
1378,269.45264350138444,217.23645656944572,436.19183648194524
1379,269.7363841157357,217.16999734118352,436.5589928529774
1380,269.85113529483374,217.1665163710455,436.5670021526951
1381,270.3347030552872,217.41632725561362,436.9642202130806
1382,270.61265398106235,217.43062576400447,437.3370028659432
1383,293.56473866362404,240.53721345919132,460.6647995212763
1384,293.74854341437623,240.57717414247668,461.00538815220415
1385,269.7989337347901,216.5706708964469,437.237887047671
1386,269.9675378899532,216.6307710233703,437.3514399427111
1387,269.90362025851306,216.58599962532404,437.4423115830343
1388,270.30431824977336,216.96992207180833,437.89392557964743
1389,270.34075446978096,216.93804524540172,437.9741452081658
1390,270.30934813169006,216.98381351881147,437.98403597467563
1391,270.4427505250428,217.10198647847318,438.2859201744954
1392,270.4253275563859,217.13929516037715,438.2921874009237
1393,270.49166551508625,217.24145703306348,438.6302856966204
1394,270.8913044480212,217.35954860592096,439.03695050005666
1395,271.2345711565853,217.4225577752879,439.4351088697282
1396,271.19825319118644,217.3643240622191,439.4532811313036
1397,271.38428562933984,217.47319288082426,439.9512731760568
1398,271.82337309038314,217.59334706141058,440.2883382886457
1399,272.25289260423466,217.7958581134133,440.74219404106026
1400,272.32779748590906,217.7546933099504,440.72997677385285
1401,272.5182687042308,217.853474744339,441.1514461239278
1402,272.5074410158754,217.9083985637221,441.1233154966522
1403,272.5437127054538,217.90314591990082,441.0167883618592
1404,272.9351097489678,218.3000974675068,441.3968933266027
1405,273.3406062999689,218.4050095228241,441.7451032359333
1406,273.3098194270584,218.44135022287136,441.8877171638155
1407,273.75258229049757,218.81916124108426,442.4942399328097
1408,273.815030942851,218.75385794272324,442.4060395759702
1409,273.8505905655221,218.65774223745055,442.3572242549335
1410,273.8881262726583,218.65943052315083,442.3803712778932
1411,249.85290583307236,194.69142738847586,418.51598109893524
1412,249.95055170219683,194.75720898158528,418.509167626527
1413,249.96658969510264,194.71521708804627,418.5075835530345
1414,249.99219363082648,194.76386518313745,418.8463248284801
1415,249.96842306077178,194.81504637837782,418.8687117658744
1416,250.42702077871363,195.0401503293962,419.4755397665058
1417,250.5371509516053,195.44530361838247,419.8549604789644
1418,250.6458965770418,195.44606958155885,420.39619326547756
1419,250.62206900588086,195.38095122047994,420.3423257104416
1420,251.12344152601045,195.48859318558746,420.7149930625748
1421,251.18003039947166,195.53085200001703,421.0423860720385
1422,251.29676511774352,195.89424596247784,421.43965541097515
1423,251.41405802776794,195.88956893021427,421.89054159840344
1424,251.49577078677845,196.07730951775542,422.25128969149046
1425,251.4807238833237,196.15345494114817,422.2408921030422
1426,251.4337618062896,196.09624418634013,422.3044541911513
1427,274.2395509508518,219.4399267052593,445.5779202413467
1428,274.41855213421957,219.51095320658573,445.69113398482415
1429,274.3843819475082,219.57249268871317,445.68883069102725
1430,274.41405339195063,219.51113254378026,445.7542915245691
1431,274.7942645612129,219.85177612963082,446.13061788561754
1432,274.9628927111694,219.99593055261278,446.5661702128
1433,275.05533534522283,220.33560392870825,447.0092920218007
1434,275.5083472031887,220.46801925610393,447.3757583402014
1435,275.5991169652227,220.60428921964308,447.81498115153755
1436,275.76434200634725,220.6947683311964,447.9043636338075
1437,276.18834454537233,220.78068874934564,448.4671596669861
1438,276.5596453787613,220.9977423742165,448.8224018580598
1439,277.0300721322279,221.03808242228337,449.34488252568684
1440,277.2909734846193,221.3304162813469,449.8881484561644
1441,277.2601552131602,221.3451226472525,449.8781549494645
1442,277.6153434616096,221.7515194624596,450.24492264538645
1443,277.72627823431094,221.9323155778437,450.6342976607879
1444,277.99896665984136,222.01125428311317,451.0715542977857
1445,278.48285105305024,221.98623441994047,451.5307153853256
1446,278.59619294914324,221.90843560956407,451.6020904069631
1447,278.6623632885247,222.35101503905992,452.00773575663044
1448,278.6602182551196,222.3294128483477,452.0985438441686
1449,278.7588865527439,222.36066320105706,452.0933733707631
1450,278.97486301175877,222.6441238919311,452.45289270152324
1451,279.21483874595384,222.86763094079734,452.9254922333954
1452,279.6368037106402,223.00071889203585,453.2901686574899
1453,279.80239332362174,223.38860889630294,453.73678380794695
1454,279.8332221105516,223.40015236882854,454.1246393761287
1455,279.86960279473544,223.44245615256312,454.1810126774538
1456,280.0535138712422,223.5540621250393,454.3561265764288
1457,280.157710092705,223.97223718424175,454.7460688648338
1458,256.1676395142021,199.9165476048044,430.9618118855033
1459,256.34125074779513,199.90128986147818,431.45989090720224
1460,256.4196509993473,199.82178276994415,431.4270869237557
1461,256.8996924497784,199.87832215237918,431.93858559250134
1462,256.9967307624076,200.3105119869239,432.3123223666423
1463,257.0336120589141,200.27564660764946,432.259441510774
1464,257.2788638446336,200.7163955707742,432.58123772974005
1465,257.2914090926965,200.84465724356642,432.89203677084686
1466,257.3112351399952,201.3291853321211,433.30917762821264
1467,257.5764497920868,201.55837365712193,433.7294525436446
1468,257.75965833703003,201.94782495045666,434.18461370934585
1469,257.7783301629093,201.90859043925096,434.1536087684229
1470,257.7501562752422,202.31404387162,434.5359909985205
1471,257.69395496600566,202.34220280651422,434.58425071053585
1472,257.86478675183383,202.62205250387882,434.9213493492196
1473,258.3481297772179,202.577735373379,435.4162479221649
1474,258.4288670047515,202.6089720677011,435.773147143654
1475,258.40287826527003,202.54683145584966,435.80442886731936
1476,258.40156427163805,202.93104447871542,436.1538257961126
1477,258.77005244692714,203.01525562091243,436.50803366535837
1478,259.1445971659432,203.4224326996418,436.93149465501966
1479,259.55918085879904,203.4029947050832,437.34565423699013
1480,259.567355219924,203.38889131066662,437.38375302696267
1481,259.5860062806106,203.39209434417594,437.3981877985122
1482,259.8848800350392,203.71045650076474,437.7782481001882
1483,260.1878760848968,204.13385976288532,438.21961179129227
1484,282.9634025425064,227.1468389571466,461.6277347459369
1485,283.3410720036839,227.50160689335758,461.96326764975345
1486,283.7287891045735,227.4861124401657,462.2644526663213
1487,283.99467905277464,227.54964965085713,462.56353051076616
1488,284.0879737823323,227.67364336074104,462.9904042987478
1489,284.1849784032219,227.71765167558385,463.4107281072231
1490,284.1855331642379,227.71997366198096,463.3659159394611
1491,284.21951572181405,227.9505333191333,463.72689743883245
1492,284.2742691295463,228.31847170372646,464.07442869298336
1493,284.34925342135324,228.38368673549382,464.046734042761
1494,284.52461993505216,228.53335064927103,464.4745170466121
1495,285.06934597564106,228.828342407263,464.98599366758464
1496,285.365593383149,228.81419814507305,465.43529865731034
1497,285.6051429223238,228.85027399947754,465.9998116515897
1498,286.21650699304786,229.06911248018244,466.49320699886493
1499,286.2966525046015,229.0659698053279,466.5324178949332
1500,286.38435576313464,229.4441762853208,466.98199365652556
1501,286.4371600164176,229.30195768156938,466.9948366405317
1502,286.4411614642977,229.2664864395897,466.9911132401413
1503,286.44218179358967,229.3160621059919,467.2977938362212
1504,286.5913701204067,229.350041547793,467.6931015340953
1505,286.6342543938242,229.26340918003663,467.7052727854723
1506,287.0950081731144,229.22445659003213,468.15528767353555
1507,287.37542104327133,229.3181542843177,468.37860766790607
1508,287.8229153412854,229.75313605575397,468.7772158755423
1509,288.2717358202614,230.12731224821326,469.0549882078683
1510,264.2514373624111,206.04286945972123,445.2699447519535
1511,264.7224383382867,206.15962711676798,445.6398432543804
1512,264.6073395670093,206.12474925758724,445.6226949819966
1513,264.7127424536633,206.12102356056886,445.98283921541815
1514,265.2275524352554,206.05554382042328,446.4701577135754
1515,265.2962386440882,206.43799355464336,446.81519772247356
1516,265.2566755865229,206.41073919314357,446.9064640753809
1517,265.781220597417,206.5403636752091,447.44324126584615
1518,266.1704604328296,206.77847298030406,447.8069940463468
1519,266.25806748571415,206.87770269161388,448.18332707093003
1520,266.27434529911005,207.28844044479357,448.548736313005
1521,266.7177559117154,207.7238950841487,448.9271755825378
1522,266.75279059435593,207.6696694613294,448.9165615460261
1523,242.6863814090863,183.80289714376784,425.14934023173754
1524,242.9547183239004,183.78848664509647,425.48906082140894
1525,243.00817927135617,183.87238469210928,425.9444671152723
1526,243.24121462623324,183.988591687347,426.3644476965751
1527,243.47983719521685,183.92690722482385,426.70692465783765
1528,243.8905400045173,183.89191093381038,427.1346937319148
1529,244.44393776597474,184.2977300410114,427.5794182412335
1530,244.37246257646692,184.7370099353398,428.03989518882236
1531,244.82286199131178,184.89671522404615,428.35335397278436
1532,244.87194822502227,184.91861029411797,428.3729451338366
1533,244.98739677861747,185.28013057622,428.6730029727464
1534,245.2713884887911,185.68185038341798,429.1106632340779
1535,245.82542866779505,185.79467023357913,429.60145417597835
1536,246.0549086269484,185.74515023091513,430.06820102677653
1537,246.08819734164604,185.684028749897,430.4349990303984
1538,246.56124945204365,186.15318141529158,430.97779354841276
1539,246.75373857291999,186.11898514883637,431.37842679957186
1540,246.81812345327057,186.10108327977662,431.4435345154128
1541,246.82253415919385,186.18110803306718,431.4849500727043
1542,246.89554055113368,186.3694082306736,431.85041690269173
1543,222.81802229298634,162.43205204028445,408.0708834935008
1544,223.17789852810577,162.73540828631525,408.4701867974024
1545,223.1778399259344,162.98250755960137,408.9509246345277
1546,223.45927257135114,163.36712254802495,409.3209622430106
1547,223.85649830008825,163.43111756572245,409.77051787856453
1548,223.87808347835013,163.36831519830656,409.73050133240787
1549,224.32925787445853,163.8235125740072,410.1309186559473
1550,224.37703933811096,163.85555339459626,410.1353397746362
1551,224.9708800258936,164.064968467429,410.59024146239227
1552,225.11964459236552,164.05593143464353,411.23752079225244
1553,225.35190722831857,164.3107379001131,411.5352248235023
1554,225.28666638379693,164.26929618527592,411.43030893919956
1555,225.58513349721144,164.32603406136406,411.851053164717
1556,225.53378421594184,164.4740775458872,411.8916020854446
1557,248.36117641495974,187.52870311414213,435.1559454145826
1558,248.74838392025217,187.94914546817904,435.48334569303466
1559,249.09213777112592,188.27652583557494,435.88296360905184
1560,249.3328334524181,188.22046736955585,435.8864521212942
1561,249.4917891975824,188.33137138984083,436.2833245238933
1562,249.92238421183384,188.85582532986416,436.7855738214366
1563,250.0136341979263,188.8584918427191,436.81947360603226
1564,250.15726613018205,188.89362812638268,436.9572158852524
1565,250.54223977453304,189.060269752598,437.2890881285956
1566,250.55890242691802,189.03762651087862,437.76216841362225
1567,250.58858078840257,189.38645561489759,438.17922803734115
1568,250.96304465492088,189.40651395745385,438.57227961659976
1569,251.04263016708123,189.7960991066883,439.05556527379565
1570,251.21693311008303,190.16312938677245,439.44942118395596
1571,251.240111817103,190.26015935942124,439.88288359644395
1572,251.61106520303963,190.3639806067861,440.28685060411823
1573,251.59049064097857,190.3910528117556,440.36577857683454
1574,251.66590358439356,190.75687621969558,440.8026437698785
1575,252.02738534938874,191.15988723797662,441.1860070345342
1576,251.97839205960386,191.15832943726045,441.2469545087299
1577,252.13812219299854,191.54623655231978,441.60729411968646
1578,252.1222616878727,191.60108547721987,441.5815701272127
1579,252.5074352076719,191.93627426487708,441.9725055028938
1580,252.5004360225281,191.95832047201569,441.93707497928625
1581,252.84744314781966,192.05787457184897,442.3324050213603
1582,253.16636961965753,192.10261320617292,442.62026644475094
1583,253.54728525561885,192.35658897543806,442.9548237522501
1584,253.55114888700254,192.31796196490782,442.9651351933127
1585,253.6157515686139,192.25372998513845,442.9737794046313
1586,253.91914076465775,192.35194444677705,443.2243222801248
1587,254.14139391487612,192.38733417867584,443.6405746614379
1588,254.1238384384028,192.45126516768323,444.04556838447274
1589,254.57861291080442,192.9019987036629,444.60095307932136
1590,254.64233012243653,192.89919467195318,444.6581318915429
1591,254.77227362388007,193.0462582623559,444.9950652989715
1592,254.89447794875943,193.38672574830565,445.3911821038608
1593,255.2240890542058,193.77114379396411,445.83130058011477
1594,255.30809067033383,194.14411954752237,446.25135209728677
1595,255.25582023746352,194.34038691491173,446.60315259704186
1596,255.53325648209108,194.28213184373453,446.99332420577997
1597,255.6037275064015,194.28455418837763,447.01834243562433
1598,255.7208556928138,194.3402178040146,447.185490036454
1599,256.0475134152743,194.37577884827115,447.48495395739354
1600,256.0286442141923,194.41503810238666,447.3964984807036
1601,256.02500580973054,194.54399301623397,447.79781054088346
1602,256.4275504248494,194.7376751115513,448.2641771385842
1603,256.495643117731,195.153079555056,448.6847622422161
1604,256.5619204084971,195.21765814768037,448.7375222043426
1605,256.6669335561332,195.347547564029,448.85039125922407
1606,256.7839480821269,195.74344074575697,449.26173559887764
1607,256.75694476947757,195.7590572248599,449.3424319684243
1608,257.21340683194035,195.90414285089113,449.8094655394853
1609,257.38247872935216,195.87499716918606,449.94729687681536
1610,257.4552848122898,195.9217703647002,449.92118016090126
1611,257.3975145782422,195.90430295974915,449.82615591481226
1612,257.6766352119781,195.9534069689136,450.34429517785975
1613,257.7429388716223,196.11195116690644,450.72947075834134
1614,258.09976965560213,196.2754590287074,451.17413524212753
1615,258.0358439819826,196.70745038591878,451.5356580331918
1616,258.00954986909636,196.7512148885896,451.60318774217
1617,258.1649498368925,196.82291557596832,451.98888246122704
1618,258.2163712500781,196.89793162259113,452.083499583305
1619,258.32226743011336,196.86728124620137,452.18659509523746
1620,258.4533063184078,197.06738562861148,452.6251248282951
1621,258.5004709286093,197.12694866269308,452.6884462863699
1622,258.7246964992157,197.3237168381322,452.9980919266307
1623,259.03445502746195,197.50635609995558,453.3750825850505
1624,259.35709391218114,197.6495592913078,453.8019490175894
1625,259.6257112246584,197.67498186160995,454.1098769125376
1626,259.6880804892571,197.69868397718557,454.14510875482
1627,259.6924499851755,197.62353368496525,454.5338320063205
1628,260.31467905659014,198.1489196257067,455.04954588994997
1629,260.7196167305906,198.32492127185583,455.39792619087365
1630,260.65124479101627,198.27421257466446,455.4507427805143
1631,260.624845089928,198.34186603267278,455.4528849426529
1632,261.05425646738934,198.45777564185408,455.8794237428276
1633,261.5019820084645,198.59442221697776,456.31244604548493
1634,261.5390356974986,198.6456040604022,456.47541269812
1635,261.5001590413009,198.7037956121962,456.5263114678123
1636,261.5179834357396,198.64436883949813,456.62618104193007
1637,261.5289411698169,198.60148294722578,456.6071255812437
1638,261.66033276265296,199.05949991441196,456.91124830197083
1639,261.76488719952744,199.10737919473974,457.2946672646865
1640,261.9357402086419,199.01761568846987,457.7994427453727
1641,237.95681160382298,175.08876324798132,434.1258990101837
1642,237.93549526307956,175.1045753908744,434.1546798478865
1643,238.33917176211003,175.21055939470136,434.64735176750463
1644,238.4674578590543,175.6725402949282,435.06217123265105
1645,238.59748558717757,175.77551181883678,435.54784841056926
1646,261.43778427337287,199.01311650468256,458.78363595102184
1647,261.52789883920417,199.16050031057316,459.14560273889106
1648,261.55464048078846,199.3659842243543,459.5739811332499
1649,261.5668961950071,199.40232392667437,459.5182725660644
1650,261.5336394455245,199.41622566119037,459.43059285497134
1651,261.882249386916,199.76164432512113,459.81645295644495
1652,284.7006496247248,222.6326264614656,483.10379416683304
1653,285.0730632790091,222.72194490129593,483.55857622911435
1654,285.18093633418454,222.738901161181,483.67803787446036
1655,285.2134817940328,222.85518544713088,484.0806514335219
1656,308.11341234128656,246.20563698074494,507.40445736132244
1657,308.3026355780905,246.53837192375948,507.82012475822995
1658,308.6758891236259,246.71873613922108,508.20124655228045
1659,308.7887218035576,246.6859049356811,508.3431094899556
1660,309.06110251872116,247.0677141819729,508.67405544661176
1661,309.2243784058961,247.03986340856497,508.7861833390502
1662,309.50039789998976,247.13315708277588,509.1508727274751
1663,332.42076218954946,270.19306239248226,532.4885100660883
1664,332.3686715211492,270.18154989123855,532.4386557124799
1665,332.42711518190896,270.2437325890654,532.5378275764893
1666,332.9432205979575,270.7528251067788,533.0514367700804
1667,332.99903105483287,271.0985790146861,533.392763609584
1668,333.3332434973977,271.2144264795563,533.782372809084
1669,333.41251354118697,271.401758165022,534.238552490865
1670,333.80983155670845,271.5682114290343,534.6152541937134
1671,333.84407674953343,271.5141072161179,534.5692717667746
1672,333.9062481634386,271.54587367587874,534.5638169730935
1673,334.3228274677234,271.6071567672276,534.9408875288689
1674,334.38360149740515,271.75473775541957,534.9775406533165
1675,334.3055873724719,271.858842143815,534.9643989717368
1676,334.3323899739977,271.8834778397718,535.0749326993639
1677,334.33045379234636,271.96297168428396,535.0527961275753
1678,334.2795582178225,272.0076755586458,535.0593083708386
1679,334.4491036272949,272.0742674141098,535.4905032414642
1680,334.37915487286074,272.0736409266987,535.5046444598206
1681,334.3208886312676,271.99809454020505,535.5914712230183
1682,334.5380636844932,272.00953721733174,535.9743818593726
1683,334.60626297294175,272.1947451642693,536.333254329053
1684,357.4932319982216,295.3014996575271,559.5795941571052
1685,357.5119540594442,295.34655999655166,559.5643888700512
1686,333.442223579461,271.30282481401275,535.802174769725
1687,333.7977280861606,271.4290593767459,536.2872434314384
1688,333.9147979820956,271.412832418753,536.7222957075072
1689,334.01726138749746,271.36938656157184,536.7172310727807
1690,334.52494061463875,271.5209480742079,537.3089204616261
1691,334.82763055540266,271.60960843172586,537.6645075452906
1692,334.9121531377103,271.71838600420995,538.1414859414615
1693,335.1313796013673,271.7185770334716,538.658522806471
1694,335.1137394234355,271.70589969697215,538.6529853326662
1695,335.1493432180115,271.8044480742749,539.0832644333726
1696,335.1898382783427,271.77981645462336,539.1590380979549
1697,335.47084370770636,271.7821915684883,539.4520068143095
1698,335.6487131962892,271.84844412257075,539.8978211943809
1699,335.6281759748505,272.24958853349943,540.2736138505499
1700,335.734722745241,272.592054288154,540.6163763563095
1701,336.09235867515093,272.732216486764,540.9973750838785
1702,336.4998578392721,273.0766415049969,541.4551471560422
1703,336.48304822605263,273.10666585713506,541.4252864011605
1704,336.8680384173162,273.1623944280677,541.8656362737212
1705,336.9324824174188,273.10697617124436,541.8867200914414
1706,337.2330885303018,273.1644246118,542.2342164437924
1707,337.5134166949526,273.6368594927965,542.7018855018272
1708,337.53154327105136,273.60891970185224,542.806471560397
1709,360.40892492683327,296.3693538690078,566.1036006234402
1710,360.42284809948035,296.3704795177277,565.9901510645263
1711,360.4782589443918,296.4107099015378,566.3630391477525
1712,360.7046764110557,296.85756355669577,566.7317003364764
1713,360.8189399437274,297.2560086160738,567.0503985510293
1714,360.90834603396206,297.21813772945416,567.1034528596592
1715,360.8494847130895,297.24199330896005,567.0366963118483
1716,360.9481843564442,297.1984881275133,567.0234172361972
1717,361.05498121762236,297.17875931115503,567.1807542201215
1718,361.52378901963914,297.3221936712601,567.6596584111799
1719,361.517970971201,297.2971730957496,567.7237003286042
1720,361.881077375937,297.4637638341252,568.162154215766
1721,361.9167584085899,297.6179516828243,568.5978453336546
1722,362.12093543287335,297.6283707984503,568.6946656850622
1723,362.7010682366151,297.79024047908587,569.2543093309417
1724,338.68435171263997,273.7983277159942,545.4570904464778
1725,338.8368978223195,274.11020408666417,545.882173757642
1726,338.7902101355125,274.12835430090445,545.7965484530225
1727,339.29413251191534,274.08513253133043,546.2955118447389
1728,339.3461688597437,274.4246142403225,546.6956955683147
1729,339.2716922920747,274.3922219379022,546.6982979547951
1730,339.41324212657435,274.78319233953624,547.0190944103053
1731,339.6230255458207,275.0010823850498,547.2793617973838
1732,340.099336330111,275.12690630610916,547.8354377148914
1733,340.45370535528724,275.55291148866803,548.2204267283008
1734,340.4206504975858,275.4969953591477,548.2237993687073
1735,340.34635066376586,275.476676821857,548.1699840013221
1736,340.4483622167106,275.53468722313903,548.5804795649042
1737,363.3476295448204,298.6325928237949,571.911045458108
1738,363.25943520802474,298.72706389204063,572.2585878527262
1739,363.83578343243124,299.1058945004435,572.709822996721
1740,363.95252325108805,299.1782202777428,573.0751854812567
1741,363.9870752124022,299.299983848379,573.4631260907786
1742,364.5142717531905,299.3933543114021,574.0216526994586
1743,364.66495929127944,299.7444534322313,574.500520608596
1744,364.97424490252683,300.1640820532816,575.0324789153012
1745,365.29202387722256,300.48628144201876,575.3506949354911
1746,365.3833889555157,300.51365781856646,575.7538586147574
1747,365.75907007692143,300.92177757771435,576.1634907669163
1748,366.22062645225043,300.98360429131804,576.5072328261354
1749,389.0722531166106,324.0219109940497,599.7904528898907
1750,389.3453243767877,324.13025341328773,600.2423932231302
1751,389.34683808451246,324.05888650383406,600.3628145190378
1752,389.3909394115479,324.00135232476947,600.3632394478707
1753,389.3835974712892,324.1459371907803,600.7512064799645
1754,389.7204267865583,324.2374838898339,601.2414583578177
1755,389.78372674910474,324.36352994909777,601.6864411790593
1756,390.06948269564884,324.3970665941576,601.96852413327
1757,390.45448172094586,324.4007635661059,602.4013859909533
1758,390.67062069757634,324.48141934914844,602.828512638957
1759,391.2356582867284,324.9244282944372,603.2853972588736
1760,391.2800274049354,324.8575501041261,603.3481463953544
1761,414.0797231808024,347.8900830293864,626.69407605703
1762,414.601828859368,347.96379112317953,627.2501259293624
1763,414.71346854934654,348.2976054716027,627.6044565034019
1764,415.1536231401819,348.38010765582686,628.0392414255847
1765,415.5903999350032,348.9014209439049,628.3345870534451
1766,416.1700640972837,348.98084956030476,628.8432976660588
1767,416.63091578319654,349.1450153080017,629.2247585170803
1768,417.1449889383766,349.6932871658099,629.7582220614522
1769,417.42110186395286,350.0662594915348,630.0432562037125
1770,417.7629057085831,350.13190851054384,630.3585178782689
1771,417.8200001496414,350.14819628183324,630.4050256310605
1772,417.82327383302976,350.1821106253686,630.3869080269316
1773,418.0919566197313,350.3205774048622,630.7466305378698
1774,418.1291523889864,350.42845201228675,631.2016129839959
1775,418.4073134728503,350.59489370958636,631.5254106233697
1776,418.60592146052846,350.73556696610467,631.9335465236655
1777,418.64696760448396,350.68999146767084,631.912433132152
1778,418.7975539585829,350.7560096416471,632.2928859174647
1779,418.9380194392616,351.1556020398846,632.7275428183636
1780,419.08327176767705,351.2733118769979,632.9026160788201
1781,419.2399139069475,351.45123802559243,633.3264478662152
1782,419.70164106466854,351.6960674041406,633.6835303787948
1783,419.7329417448883,351.77931693914473,633.6441604315308
1784,420.1007362221394,351.9007903160505,633.9612436579632
1785,420.28354584629324,352.2778495686677,634.3526662326723
1786,420.27507325321864,352.28384011127315,634.3606651739044
1787,420.34045210260206,352.3670617393828,634.7909054649413
1788,420.37879252187173,352.41529798009157,634.849613781127
1789,420.51107976824784,352.5487693378379,635.197509713287
1790,420.49271197780945,352.60554466414305,635.290774864925
1791,420.52480933428166,352.5920312839249,635.2820963115701
1792,420.606591619134,352.5782337113401,635.264438691194
1793,420.6427365201691,352.5533528425811,635.3855485775373
1794,421.13944776112544,352.77643028336405,635.9519300943134
1795,397.0769838955759,328.98216687072187,612.1378813070467
1796,397.0873620615927,328.97461922313454,612.0958213226457
1797,397.3323708733357,328.88744133637886,612.6312586472382
1798,397.73508131804095,328.8875591450091,613.0975428571388
1799,397.86087047407983,329.12552356399135,613.526314220334
1800,398.006962066061,329.26753968099223,613.9966537563636
1801,398.0980486545288,329.6480608535418,614.4204207173761
1802,398.23075630055496,329.5820569941549,614.5286727424453
1803,398.15502550529516,329.5042558150949,614.5876343953398
1804,398.08576590216785,329.80823062061825,615.0178101908108
1805,398.0691661792238,329.7078647289708,615.0409632046185
1806,398.03067671921303,329.72838489221704,615.0328477554738
1807,398.44197863494975,329.90622523222726,615.4441586908458
1808,398.52231565178164,329.8452761616824,615.5359003331264
1809,399.0438727013883,329.99630100562206,616.0678213544775
1810,399.2123556526511,330.1157123021625,616.4667335797174
1811,399.34750713091944,330.2730241692672,616.7965587465367
1812,399.69557994629696,330.6746258735794,617.2507208325565
1813,399.676363684954,330.64996186553464,617.2228212531362
1814,400.1852380028381,330.8919024495532,617.61360330231
1815,400.4730034198602,331.40561043305,618.0360630244245
1816,400.8225577458905,331.5894903097438,618.4227948010201
1817,401.1965919132055,332.0759116310726,618.8358508630348
1818,401.2242311060166,332.0632941791582,618.8042899899139
1819,401.27921781931883,332.15672822785564,618.8698729749938
1820,401.2839989103112,332.1929511905504,618.9174807965263
1821,401.3585880184824,332.168817027368,618.8511064664609
1822,401.41211633390645,332.1896437604986,618.8509609094085
1823,401.33348445816813,332.16156472973944,618.9384120757998
1824,401.40499509056684,332.1459838208511,619.3213898955584
1825,401.7672525362538,332.2006992859925,619.7749311587665
1826,401.83932903534,332.15513914078775,619.7744723955742
1827,401.8549601670336,332.1645331680371,619.7978599753695
1828,401.8962312850086,332.2809947003983,619.852645650586
1829,401.95861758693155,332.36882220240506,620.1999557071409
1830,402.19109294092266,332.62581430461546,620.6563891371147
1831,402.2168855843783,332.6785771095298,620.6746964052008
1832,402.20728918085786,332.6751059551841,620.7357869685427
1833,402.2865760700012,332.50465761831157,620.7839065143463
1834,402.2645081304255,332.61070729660383,620.8332274640076
1835,402.3744924686538,332.5655732943583,621.1378932423803
1836,402.7222231792339,332.9408663755156,621.5315665147994
1837,403.154422016713,333.04123589594997,622.1413027215957
1838,403.2194491366119,333.4526906139534,622.3863904745116
1839,403.2936720912532,333.3869519414174,622.3849140668065
1840,403.33765663784595,333.3947062414685,622.4201029679841
1841,403.7288963072217,333.36274302753515,622.8630270259514
1842,404.14100959110124,333.53696017304827,623.3142654867083
1843,404.44792314343283,333.57991441516964,623.7055183809713
1844,404.8462465170762,333.6915225024873,624.1964408790458
1845,405.20086874713456,333.809324334709,624.6856499248656
1846,381.1909011830325,309.7065382591103,600.8328974550101
1847,381.58203154103245,310.15861307309325,601.1799894637458
1848,381.8491816683967,310.2364284435982,601.4971780379472
1849,381.7999472713244,310.2730715693011,601.4924160865015
1850,381.8976403167334,310.4605052359796,601.9120224473779
1851,381.98950823460467,310.4497651926349,602.2526439321983
1852,382.1287664211254,310.82166944340094,602.62185973732
1853,382.1864415636145,310.87979812681033,602.641832110406
1854,382.59492357912836,311.00213650167024,603.015731809917
1855,382.6397855618851,311.2997024823327,603.4130862665146
1856,383.1293142734801,311.3827217047154,603.8171317517745
1857,383.59802802691223,311.3994047890508,604.3336151206421
1858,383.99922892523557,311.37255836883213,604.7559154602965
1859,384.0793299342423,311.779869084462,605.1643961780046
1860,384.24818811620617,311.87881195014756,605.5203772341123
1861,384.6043939786903,311.97607444068177,605.8035078171595
1862,384.59396853481303,311.9669664114889,605.8179969727172
1863,384.6549830209384,311.9578754776364,605.9523021749682
1864,384.55062115041744,311.8771279942452,606.0898074656518
1865,384.6203222802146,311.8582714640563,606.0655259596223
1866,384.5462228531583,311.91249649057085,606.0646950968744
1867,384.570189535784,312.37231098914884,606.4193907945929
1868,384.9539760839975,312.4553168208827,606.6984554314294
1869,385.0543807011997,312.4933143188185,607.090063910664
1870,385.1953130601253,312.893943348876,607.5281602801995
1871,385.24451193055256,313.0215851639447,607.8530690566372
1872,385.63552623778713,313.4423484705969,608.2155509302848
1873,385.79631939364253,313.8192140833451,608.667560123978
1874,386.28521700613686,313.83564259418574,609.2074891443547
1875,386.41802510314864,313.78479012153815,609.3303736668787
1876,386.7484059103709,313.94968919364436,609.7597862801681
1877,386.789317324687,314.1266391398309,610.1334413497187
1878,386.748779026586,314.19603763890626,610.1332294349974
1879,387.23373749586426,314.3125508843181,610.6001895891534
1880,387.2474575937405,314.41395249702606,611.0177104034354
1881,387.30809468362725,314.39413627631865,611.1046475651133
1882,387.777916615389,314.74755355690314,611.4544281979696
1883,387.8868749960385,314.69345915453766,611.8454201117879
1884,388.3643922708962,315.19930628718186,612.2956697602287
1885,388.3248798954146,315.2322508796615,612.2723967548617
1886,388.6112684459674,315.2651249599033,612.7539409435348
1887,388.58963657015073,315.374840062168,612.8166030238042
1888,389.0289726989751,315.5190611202803,613.198493539362
1889,388.9811592281053,315.497453843951,613.1613282345112
1890,389.17817559109363,315.52922291301195,613.2634907500802
1891,389.27999028775537,315.7936039366902,613.6713416102364
1892,389.73862218377013,315.9714868668001,614.1832037990694
1893,390.0790774528426,315.95976156728653,614.6789436239025
1894,390.3995540091508,316.30648919122183,615.1375213475002
1895,390.39879964284705,316.2035456572527,615.1828143160874
1896,390.7577896632074,316.33835243440546,615.491307934264
1897,391.1616253982534,316.47821571839796,615.9084477803084
1898,414.0624726664731,339.8016753836508,639.1306921666632
1899,413.9799920200014,339.838479321453,639.0991790446037
1900,414.406257892054,339.89089185212913,639.5448999196049
1901,414.4037518344994,339.8857465189746,639.449661878526
1902,414.948201658611,340.08769939492606,639.9572965339762
1903,415.23296388964746,340.5210733620937,640.3450956169653
1904,415.2263340059735,340.6086553371724,640.323209947486
1905,415.33548933160336,340.5925917377107,640.726899855192
1906,415.44319272185317,340.6332119245676,641.0635908960154
1907,415.93952221146134,341.06389071706167,641.6211770063742
1908,416.20199281008286,341.45398159584397,641.9503827497537
1909,416.15353527344587,341.4556228949669,641.953324965748
1910,416.53498938261583,341.5925446077859,642.3523088870235
1911,416.9367031639371,342.1513918958095,642.9538475422064
1912,416.99788350811,342.1028783295141,642.8866328191867
1913,417.49587540515546,342.03155784265897,643.3866035574665
1914,417.8730865200301,342.0106273416016,643.698909678248
1915,417.8542653923007,342.0264307350881,643.8005044868881
1916,418.4358510737931,342.5677991027298,644.2649749603457
1917,418.3652170674944,342.5833733362466,644.2981652132
1918,418.49825659494616,342.60821179651975,644.4139960603012
1919,418.50365587078045,342.6626787619856,644.3951234918362
1920,418.56955624669945,342.6101072708179,644.7702198686927
1921,418.54638536814366,342.5572780415417,644.8111313166287
1922,418.6781106107698,342.61194382510797,644.881567056335
1923,418.89357687865726,342.8688661560946,645.3307741891373
1924,418.84925290096913,343.05030626766376,645.7121727404236
1925,418.8739904065959,342.9697178224201,645.6280980487926
1926,418.9996036326533,343.3905762840701,646.0358972657151
1927,419.4065621329546,343.64627724496177,646.3706584019291
1928,419.5457105512529,343.6940773946661,646.4445620127307
1929,419.99212435560696,344.1371584300122,646.9472179474118
1930,420.4393334550591,344.28851865200267,647.4098122549401
1931,420.4533105749861,344.66925428933797,647.7884647198956
1932,420.93123375354435,344.65307881163494,648.1437202579866
1933,421.27740017566936,344.72494978585183,648.4785869116357
1934,421.43985089898035,344.87736553933644,648.8126324262536
1935,421.5138617604652,345.2678666593223,649.2963872081463
1936,421.5767137338649,345.2285380547444,649.3134343962361
1937,422.0644475906491,345.3512853018491,649.7860322767382
1938,422.1533955148998,345.2966495487857,649.9428294932134
1939,422.56897005984723,345.4437234851225,650.3673801813633
1940,398.50165892065826,321.3439182199983,626.6583736579881
1941,398.6895416235354,321.36008450209624,626.9779307147571
1942,398.7582858243544,321.4888818159052,627.3181111600207
1943,398.83819285313217,321.466903712953,627.3622993212042
1944,399.21792826569543,321.823475601563,627.7333347932216
1945,399.284360645466,321.8956074177336,628.0834783673707
1946,399.40833338340735,322.03585260781114,628.4459979515694
1947,399.9202109838014,322.4319456358025,628.9204851868874
1948,399.8763421945724,322.5100884220846,628.9196855479655
1949,399.8960278950659,322.5285384542899,629.0221884495215
1950,400.32350266359566,322.90564937617125,629.2748428126176
1951,400.36611137266175,322.90589490409945,629.3454025439866
1952,400.82189277055346,322.776316665205,629.8779478514296
1953,401.11273726724,322.8376444998242,630.2080426558822
1954,401.2666037632689,323.0238213799587,630.676462772649
1955,401.22250572505556,322.9516856406586,630.7524208849402
1956,401.3160391826873,322.99718772617564,631.1093999665259
1957,401.4534691440037,323.4152346568162,631.5562744723887
1958,401.50169908993325,323.4347485806692,631.5199975412554
1959,401.8639629483128,323.8518907528705,631.8810692442703
1960,401.8910461495386,323.85602141651015,631.8533474581249
1961,402.11406583950367,323.96415054541376,632.2999620555589
1962,402.33346853401105,324.40287304206316,632.739339715048
1963,402.3305177412055,324.4954400480377,632.8012912888646
1964,402.4596245551244,324.63876318570345,633.1811880557177
1965,402.48014371896375,324.69992509613866,633.13102282822
1966,402.47491772679155,324.5875641010125,633.1530018842551
1967,402.5378767928672,324.6778185685354,633.1965444262863
1968,425.41788007984644,347.73767836307377,656.5735202308864
1969,425.4088307865457,347.76895987288464,656.4679318652535
1970,425.8699435200753,347.8831958619301,656.8735701566404
1971,426.14946926895806,347.83932823870276,657.3499466602038
1972,426.20187510692153,347.8201191554174,657.4320296429505
1973,426.32180427612803,347.93451609312064,657.8868651305452
1974,426.64309843954817,348.0497106107428,658.2284268100433
1975,426.7126295304912,347.99656696108303,658.6346279686012
1976,426.70428879345627,348.11974480768964,658.6296112152728
1977,426.72811166612235,348.1179806966639,658.5905389318606
1978,426.7627524266374,348.0883979815869,658.6248811883087
1979,426.7457759188041,348.1364445905173,658.6472333475871
1980,426.8622673817065,348.30985354276646,659.0233823314854
1981,426.864727278597,348.30020584328645,659.0294201908686
1982,426.94538596743524,348.4188565730671,659.4115743013648
1983,426.96412660072104,348.46153811709706,659.791068106517
1984,426.90645861049916,348.40806784035834,659.8733190021308
1985,427.0369553193858,348.777039543345,660.1969240475291
1986,427.4147195543069,348.87303753998,660.5446236227982
1987,427.77005666324857,349.28202236700946,661.006196608573
1988,428.31551780745394,349.463230887448,661.562633048339
1989,428.44817766773224,349.60801977665943,661.8828334182136
1990,428.71156578183314,349.6191228005933,662.241855012626
1991,428.7661307296479,349.61621593586835,662.309205386141
1992,429.0500017048197,349.56027290912743,662.6963324581319
1993,429.4062391917628,349.6955704415767,663.1125697802559
1994,452.2586322021653,372.78185538706475,686.3200980885653
1995,452.3481252943451,372.94121563635304,686.7222346327775
1996,452.50775115232807,373.0600566287562,687.1015430781
1997,475.4610668431815,395.8260875497947,710.3753921115972
1998,475.77378762773515,395.8231254676107,710.6894771176879
1999,476.22604839647346,396.1663980929542,711.0493033751794
2000,476.3063970271119,396.2671152811735,711.4811771839271
